Date,1M,3M,6M,1Y,2Y,5Y,7Y,10Y
2020-07-10,0.1,0.13,0.15,0.15,0.16,0.3,0.49,0.65
2020-07-13,0.11,0.14,0.15,0.16,0.16,0.3,0.48,0.64
2020-07-14,0.11,0.15,0.14,0.17,0.14,0.28,0.47,0.63
2020-07-15,0.12,0.16,0.15,0.15,0.16,0.28,0.47,0.64
2020-07-16,0.12,0.11,0.13,0.14,0.16,0.28,0.46,0.62
2020-07-17,0.11,0.11,0.13,0.14,0.14,0.29,0.47,0.64
2020-07-20,0.11,0.13,0.14,0.14,0.16,0.29,0.47,0.62
2020-07-21,0.09,0.13,0.13,0.15,0.14,0.27,0.45,0.61
2020-07-22,0.09,0.13,0.14,0.14,0.14,0.27,0.45,0.6
2020-07-23,0.09,0.12,0.13,0.14,0.16,0.27,0.44,0.59
2020-07-24,0.1,0.11,0.14,0.16,0.14,0.27,0.44,0.59
2020-07-27,0.1,0.11,0.14,0.14,0.15,0.3,0.46,0.62
2020-07-28,0.09,0.11,0.12,0.14,0.14,0.26,0.44,0.59
2020-07-29,0.09,0.11,0.12,0.13,0.12,0.25,0.43,0.58
2020-07-30,0.1,0.09,0.11,0.11,0.11,0.23,0.4,0.55
2020-07-31,0.09,0.09,0.1,0.11,0.11,0.21,0.39,0.55
2020-08-03,0.09,0.1,0.11,0.12,0.11,0.22,0.4,0.56
2020-08-04,0.09,0.09,0.11,0.14,0.11,0.19,0.36,0.52
2020-08-05,0.08,0.1,0.12,0.12,0.11,0.22,0.39,0.55
2020-08-06,0.07,0.1,0.11,0.14,0.11,0.21,0.39,0.55
2020-08-07,0.08,0.1,0.12,0.14,0.13,0.23,0.41,0.57
2020-08-10,0.09,0.11,0.13,0.13,0.14,0.24,0.42,0.59
2020-08-11,0.08,0.11,0.12,0.15,0.16,0.27,0.46,0.64
2020-08-12,0.08,0.11,0.12,0.13,0.16,0.3,0.5,0.69
2020-08-13,0.08,0.1,0.12,0.14,0.16,0.32,0.52,0.71
2020-08-14,0.09,0.1,0.12,0.13,0.14,0.29,0.51,0.71
2020-08-17,0.09,0.1,0.12,0.13,0.14,0.29,0.49,0.69
2020-08-18,0.08,0.09,0.13,0.13,0.14,0.27,0.47,0.67
2020-08-19,0.07,0.11,0.12,0.13,0.14,0.29,0.48,0.68
2020-08-20,0.08,0.11,0.13,0.12,0.13,0.26,0.46,0.65
2020-08-21,0.07,0.1,0.12,0.13,0.16,0.27,0.46,0.64
2020-08-24,0.09,0.12,0.12,0.14,0.14,0.28,0.47,0.65
2020-08-25,0.08,0.11,0.12,0.13,0.15,0.3,0.49,0.69
2020-08-26,0.08,0.11,0.12,0.12,0.16,0.28,0.5,0.69
2020-08-27,0.09,0.11,0.11,0.13,0.16,0.31,0.53,0.74
2020-08-28,0.09,0.1,0.11,0.12,0.14,0.28,0.51,0.74
2020-08-31,0.08,0.11,0.13,0.12,0.14,0.28,0.5,0.72
2020-09-01,0.09,0.12,0.13,0.12,0.13,0.26,0.46,0.68
2020-09-02,0.1,0.12,0.12,0.13,0.14,0.26,0.45,0.66
2020-09-03,0.1,0.11,0.12,0.12,0.13,0.24,0.43,0.63
2020-09-04,0.09,0.11,0.12,0.13,0.14,0.3,0.5,0.72
2020-09-08,0.1,0.13,0.14,0.15,0.14,0.28,0.47,0.69
2020-09-09,0.1,0.12,0.14,0.14,0.14,0.28,0.48,0.71
2020-09-10,0.1,0.12,0.12,0.15,0.14,0.26,0.46,0.68
2020-09-11,0.1,0.11,0.12,0.13,0.13,0.26,0.45,0.67
2020-09-14,0.1,0.11,0.13,0.14,0.14,0.27,0.46,0.68
2020-09-15,0.09,0.11,0.12,0.13,0.14,0.27,0.46,0.68
2020-09-16,0.08,0.12,0.12,0.12,0.14,0.28,0.47,0.69
2020-09-17,0.09,0.09,0.11,0.12,0.13,0.28,0.47,0.69
2020-09-18,0.09,0.1,0.12,0.13,0.14,0.29,0.48,0.7
2020-09-21,0.09,0.1,0.11,0.12,0.14,0.27,0.46,0.68
2020-09-22,0.08,0.1,0.11,0.12,0.13,0.27,0.46,0.68
2020-09-23,0.08,0.11,0.11,0.13,0.14,0.28,0.46,0.68
2020-09-24,0.08,0.1,0.11,0.12,0.14,0.27,0.46,0.67
2020-09-25,0.08,0.1,0.11,0.12,0.12,0.26,0.45,0.66
2020-09-28,0.09,0.11,0.11,0.12,0.14,0.26,0.46,0.67
2020-09-29,0.07,0.09,0.11,0.12,0.11,0.24,0.44,0.66
2020-09-30,0.08,0.1,0.11,0.12,0.13,0.28,0.47,0.69
2020-10-01,0.09,0.09,0.1,0.12,0.14,0.27,0.46,0.68
2020-10-02,0.1,0.09,0.11,0.12,0.13,0.28,0.48,0.7
2020-10-05,0.09,0.1,0.11,0.12,0.14,0.33,0.55,0.78
2020-10-06,0.08,0.1,0.11,0.14,0.14,0.32,0.53,0.76
2020-10-07,0.08,0.1,0.12,0.13,0.16,0.35,0.56,0.81
2020-10-08,0.09,0.09,0.12,0.13,0.13,0.33,0.54,0.78
2020-10-09,0.1,0.1,0.12,0.15,0.16,0.34,0.55,0.79
2020-10-13,0.09,0.11,0.12,0.13,0.16,0.31,0.52,0.74
2020-10-14,0.1,0.12,0.12,0.13,0.14,0.3,0.51,0.73
2020-10-15,0.1,0.11,0.12,0.12,0.14,0.32,0.52,0.74
2020-10-16,0.09,0.11,0.12,0.12,0.14,0.32,0.53,0.76
2020-10-19,0.09,0.11,0.11,0.13,0.16,0.34,0.54,0.78
2020-10-20,0.08,0.1,0.12,0.13,0.14,0.34,0.57,0.81
2020-10-21,0.08,0.1,0.12,0.13,0.14,0.36,0.58,0.83
2020-10-22,0.09,0.09,0.11,0.13,0.16,0.38,0.62,0.87
2020-10-23,0.08,0.1,0.11,0.12,0.18,0.37,0.61,0.85
2020-10-26,0.08,0.11,0.12,0.12,0.16,0.35,0.58,0.81
2020-10-27,0.08,0.1,0.11,0.12,0.16,0.34,0.56,0.79
2020-10-28,0.07,0.1,0.11,0.12,0.16,0.34,0.56,0.79
2020-10-29,0.08,0.09,0.1,0.12,0.16,0.38,0.61,0.85
2020-10-30,0.08,0.09,0.11,0.13,0.14,0.38,0.64,0.88
2020-11-02,0.09,0.09,0.11,0.13,0.16,0.38,0.63,0.87
2020-11-03,0.09,0.1,0.12,0.14,0.17,0.39,0.65,0.9
2020-11-04,0.08,0.1,0.1,0.12,0.14,0.33,0.55,0.78
2020-11-05,0.09,0.1,0.1,0.12,0.14,0.33,0.56,0.79
2020-11-06,0.1,0.1,0.11,0.12,0.16,0.36,0.59,0.83
2020-11-09,0.1,0.11,0.11,0.12,0.17,0.44,0.7,0.96
2020-11-10,0.09,0.1,0.11,0.12,0.19,0.46,0.72,0.98
2020-11-12,0.1,0.1,0.1,0.13,0.17,0.4,0.64,0.88
2020-11-13,0.1,0.09,0.1,0.12,0.17,0.41,0.65,0.89
2020-11-16,0.09,0.09,0.12,0.12,0.19,0.41,0.66,0.91
2020-11-17,0.08,0.09,0.1,0.12,0.18,0.39,0.63,0.87
2020-11-18,0.07,0.09,0.1,0.11,0.16,0.4,0.64,0.88
2020-11-19,0.08,0.07,0.1,0.11,0.18,0.39,0.63,0.86
2020-11-20,0.09,0.07,0.1,0.11,0.16,0.38,0.62,0.83
2020-11-23,0.08,0.08,0.08,0.1,0.16,0.39,0.64,0.86
2020-11-24,0.08,0.09,0.1,0.11,0.16,0.39,0.65,0.88
2020-11-25,0.07,0.09,0.09,0.11,0.17,0.39,0.65,0.88
2020-11-27,0.09,0.09,0.1,0.11,0.16,0.37,0.61,0.84
2020-11-30,0.08,0.08,0.09,0.11,0.16,0.36,0.62,0.84
2020-12-01,0.07,0.09,0.1,0.12,0.17,0.42,0.68,0.92
2020-12-02,0.07,0.09,0.1,0.11,0.16,0.42,0.69,0.95
2020-12-03,0.08,0.08,0.09,0.1,0.16,0.4,0.67,0.92
2020-12-04,0.07,0.09,0.1,0.11,0.16,0.42,0.7,0.97
2020-12-07,0.09,0.08,0.1,0.1,0.14,0.4,0.67,0.94
2020-12-08,0.08,0.09,0.09,0.1,0.14,0.39,0.65,0.92
2020-12-09,0.07,0.08,0.09,0.1,0.16,0.41,0.68,0.95
2020-12-10,0.07,0.08,0.09,0.1,0.14,0.39,0.65,0.92
2020-12-11,0.08,0.08,0.08,0.1,0.11,0.37,0.63,0.9
2020-12-14,0.07,0.09,0.08,0.1,0.13,0.37,0.63,0.9
2020-12-15,0.07,0.08,0.08,0.09,0.11,0.37,0.64,0.92
2020-12-16,0.08,0.09,0.09,0.09,0.13,0.37,0.64,0.92
2020-12-17,0.08,0.08,0.09,0.09,0.13,0.38,0.66,0.94
2020-12-18,0.08,0.08,0.09,0.09,0.13,0.39,0.67,0.95
2020-12-21,0.08,0.09,0.09,0.09,0.13,0.39,0.66,0.95
2020-12-22,0.07,0.09,0.09,0.09,0.13,0.37,0.64,0.93
2020-12-23,0.07,0.09,0.09,0.09,0.13,0.38,0.67,0.96
2020-12-24,0.09,0.09,0.09,0.1,0.13,0.37,0.66,0.94
2020-12-28,0.09,0.11,0.11,0.11,0.13,0.38,0.65,0.94
2020-12-29,0.08,0.1,0.12,0.11,0.12,0.37,0.66,0.94
2020-12-30,0.06,0.08,0.09,0.12,0.12,0.37,0.66,0.93
2020-12-31,0.08,0.09,0.09,0.1,0.13,0.36,0.65,0.93
2021-01-04,0.09,0.09,0.09,0.1,0.11,0.36,0.64,0.93
2021-01-05,0.08,0.09,0.09,0.1,0.13,0.38,0.66,0.96
2021-01-06,0.09,0.09,0.09,0.11,0.14,0.43,0.74,1.04
2021-01-07,0.09,0.09,0.09,0.11,0.14,0.46,0.78,1.08
2021-01-08,0.08,0.08,0.09,0.1,0.14,0.49,0.81,1.13
2021-01-11,0.09,0.08,0.1,0.1,0.14,0.5,0.84,1.15
2021-01-12,0.09,0.09,0.09,0.11,0.14,0.5,0.83,1.15
2021-01-13,0.09,0.09,0.1,0.12,0.14,0.48,0.8,1.1
2021-01-14,0.09,0.09,0.09,0.1,0.16,0.49,0.82,1.15
2021-01-15,0.08,0.09,0.1,0.1,0.13,0.46,0.78,1.11
2021-01-19,0.07,0.09,0.11,0.1,0.14,0.45,0.78,1.1
2021-01-20,0.08,0.08,0.1,0.1,0.13,0.45,0.78,1.1
2021-01-21,0.07,0.09,0.09,0.1,0.13,0.45,0.79,1.12
2021-01-22,0.07,0.08,0.1,0.1,0.13,0.44,0.77,1.1
2021-01-25,0.07,0.09,0.09,0.1,0.13,0.42,0.73,1.05
2021-01-26,0.05,0.07,0.09,0.09,0.11,0.42,0.74,1.05
2021-01-27,0.05,0.08,0.09,0.09,0.12,0.41,0.72,1.04
2021-01-28,0.05,0.07,0.08,0.08,0.12,0.42,0.75,1.07
2021-01-29,0.07,0.06,0.07,0.1,0.11,0.45,0.79,1.11
2021-02-01,0.06,0.07,0.08,0.08,0.11,0.42,0.76,1.09
2021-02-02,0.04,0.07,0.08,0.08,0.11,0.45,0.79,1.12
2021-02-03,0.03,0.04,0.06,0.08,0.11,0.46,0.81,1.15
2021-02-04,0.03,0.04,0.06,0.07,0.11,0.46,0.81,1.15
2021-02-05,0.02,0.03,0.05,0.06,0.09,0.47,0.83,1.19
2021-02-08,0.04,0.05,0.05,0.07,0.11,0.48,0.83,1.19
2021-02-09,0.04,0.04,0.06,0.07,0.11,0.48,0.83,1.18
2021-02-10,0.05,0.05,0.06,0.07,0.11,0.46,0.8,1.15
2021-02-11,0.05,0.05,0.06,0.07,0.11,0.46,0.81,1.16
2021-02-12,0.03,0.04,0.05,0.06,0.11,0.5,0.85,1.2
2021-02-16,0.03,0.04,0.06,0.08,0.13,0.57,0.94,1.3
2021-02-17,0.03,0.04,0.06,0.07,0.11,0.57,0.94,1.29
2021-02-18,0.03,0.03,0.04,0.06,0.11,0.56,0.94,1.29
2021-02-19,0.03,0.04,0.06,0.07,0.11,0.59,0.98,1.34
2021-02-22,0.03,0.03,0.04,0.06,0.11,0.61,1.0,1.37
2021-02-23,0.03,0.04,0.05,0.08,0.11,0.59,1.0,1.37
2021-02-24,0.03,0.03,0.05,0.08,0.12,0.62,1.02,1.38
2021-02-25,0.04,0.04,0.06,0.09,0.17,0.81,1.23,1.54
2021-02-26,0.04,0.04,0.05,0.08,0.14,0.75,1.15,1.44
2021-03-01,0.03,0.05,0.07,0.08,0.13,0.71,1.12,1.45
2021-03-02,0.04,0.04,0.06,0.08,0.13,0.67,1.08,1.42
2021-03-03,0.04,0.05,0.07,0.08,0.14,0.73,1.14,1.47
2021-03-04,0.03,0.04,0.07,0.08,0.14,0.77,1.21,1.54
2021-03-05,0.04,0.04,0.07,0.08,0.14,0.79,1.23,1.56
2021-03-08,0.04,0.05,0.06,0.09,0.17,0.86,1.28,1.59
2021-03-09,0.04,0.05,0.07,0.1,0.17,0.83,1.23,1.55
2021-03-10,0.03,0.04,0.06,0.08,0.16,0.8,1.2,1.53
2021-03-11,0.04,0.04,0.05,0.08,0.14,0.78,1.2,1.54
2021-03-12,0.03,0.04,0.06,0.09,0.14,0.85,1.3,1.64
2021-03-15,0.02,0.04,0.06,0.08,0.14,0.84,1.28,1.62
2021-03-16,0.01,0.02,0.06,0.07,0.15,0.83,1.28,1.62
2021-03-17,0.01,0.02,0.05,0.07,0.13,0.8,1.27,1.63
2021-03-18,0.01,0.01,0.03,0.08,0.16,0.86,1.35,1.71
2021-03-19,0.01,0.01,0.03,0.07,0.16,0.9,1.38,1.74
2021-03-22,0.02,0.03,0.05,0.06,0.15,0.87,1.34,1.69
2021-03-23,0.02,0.01,0.04,0.08,0.15,0.83,1.29,1.63
2021-03-24,0.02,0.02,0.04,0.07,0.14,0.83,1.27,1.62
2021-03-25,0.02,0.02,0.04,0.07,0.14,0.82,1.29,1.63
2021-03-26,0.02,0.02,0.04,0.06,0.14,0.85,1.32,1.67
2021-03-29,0.02,0.03,0.04,0.06,0.14,0.89,1.37,1.73
2021-03-30,0.01,0.02,0.04,0.06,0.16,0.9,1.39,1.73
2021-03-31,0.01,0.03,0.05,0.07,0.16,0.92,1.4,1.74
2021-04-01,0.02,0.02,0.04,0.06,0.17,0.9,1.37,1.69
2021-04-02,0.02,0.02,0.04,0.07,0.19,0.97,1.42,1.72
2021-04-05,0.03,0.03,0.04,0.06,0.17,0.94,1.4,1.73
2021-04-06,0.02,0.02,0.04,0.06,0.16,0.88,1.34,1.67
2021-04-07,0.01,0.02,0.04,0.06,0.16,0.87,1.34,1.68
2021-04-08,0.02,0.01,0.04,0.05,0.14,0.85,1.3,1.64
2021-04-09,0.02,0.02,0.03,0.06,0.16,0.87,1.33,1.67
2021-04-12,0.02,0.02,0.04,0.06,0.18,0.89,1.35,1.69
2021-04-13,0.03,0.03,0.05,0.06,0.16,0.85,1.29,1.64
2021-04-14,0.02,0.02,0.04,0.06,0.16,0.87,1.31,1.64
2021-04-15,0.02,0.02,0.04,0.06,0.16,0.81,1.24,1.56
2021-04-16,0.02,0.02,0.04,0.06,0.16,0.84,1.26,1.59
2021-04-19,0.01,0.02,0.04,0.08,0.16,0.85,1.28,1.61
2021-04-20,0.01,0.03,0.04,0.07,0.15,0.81,1.25,1.58
2021-04-21,0.0,0.03,0.04,0.07,0.15,0.81,1.24,1.57
2021-04-22,0.02,0.03,0.04,0.06,0.16,0.81,1.24,1.57
2021-04-23,0.01,0.03,0.03,0.07,0.16,0.83,1.26,1.58
2021-04-26,0.02,0.03,0.04,0.06,0.18,0.85,1.27,1.58
2021-04-27,0.01,0.01,0.04,0.06,0.17,0.88,1.32,1.63
2021-04-28,0.01,0.01,0.04,0.05,0.17,0.86,1.31,1.63
2021-04-29,0.01,0.01,0.04,0.05,0.16,0.86,1.32,1.65
2021-04-30,0.01,0.01,0.03,0.05,0.16,0.86,1.32,1.65
2021-05-03,0.02,0.04,0.04,0.06,0.16,0.84,1.29,1.63
2021-05-04,0.01,0.02,0.04,0.06,0.16,0.82,1.28,1.61
2021-05-05,0.01,0.02,0.04,0.06,0.16,0.8,1.25,1.59
2021-05-06,0.01,0.02,0.04,0.05,0.16,0.81,1.25,1.58
2021-05-07,0.01,0.02,0.04,0.05,0.14,0.77,1.24,1.6
2021-05-10,0.02,0.02,0.04,0.05,0.16,0.8,1.27,1.63
2021-05-11,0.01,0.01,0.04,0.05,0.16,0.8,1.28,1.64
2021-05-12,0.01,0.02,0.04,0.05,0.16,0.87,1.34,1.69
2021-05-13,0.0,0.02,0.03,0.05,0.16,0.84,1.31,1.66
2021-05-14,0.01,0.01,0.03,0.06,0.16,0.82,1.29,1.63
2021-05-17,0.0,0.02,0.04,0.06,0.16,0.84,1.3,1.64
2021-05-18,0.0,0.02,0.03,0.06,0.16,0.83,1.29,1.64
2021-05-19,0.0,0.01,0.03,0.05,0.16,0.87,1.34,1.68
2021-05-20,0.01,0.01,0.03,0.05,0.15,0.83,1.29,1.63
2021-05-21,0.0,0.01,0.02,0.04,0.17,0.84,1.29,1.63
2021-05-24,0.01,0.02,0.03,0.04,0.15,0.82,1.28,1.61
2021-05-25,0.01,0.02,0.04,0.04,0.15,0.79,1.23,1.56
2021-05-26,0.0,0.02,0.04,0.04,0.14,0.8,1.24,1.58
2021-05-27,0.0,0.02,0.04,0.04,0.14,0.81,1.28,1.61
2021-05-28,0.01,0.01,0.03,0.05,0.14,0.79,1.24,1.58
2021-06-01,0.01,0.02,0.04,0.04,0.16,0.81,1.28,1.62
2021-06-02,0.01,0.02,0.04,0.05,0.13,0.8,1.26,1.59
2021-06-03,0.0,0.02,0.04,0.04,0.16,0.84,1.3,1.63
2021-06-04,0.01,0.02,0.04,0.05,0.14,0.78,1.23,1.56
2021-06-07,0.01,0.02,0.04,0.05,0.16,0.79,1.24,1.57
2021-06-08,0.01,0.02,0.04,0.05,0.14,0.77,1.2,1.53
2021-06-09,0.01,0.03,0.04,0.05,0.16,0.75,1.17,1.5
2021-06-10,0.01,0.03,0.04,0.05,0.14,0.73,1.14,1.45
2021-06-11,0.01,0.03,0.04,0.05,0.16,0.76,1.16,1.47
2021-06-14,0.01,0.03,0.05,0.05,0.16,0.8,1.2,1.51
2021-06-15,0.02,0.03,0.05,0.08,0.16,0.79,1.21,1.51
2021-06-16,0.04,0.04,0.06,0.08,0.21,0.89,1.29,1.57
2021-06-17,0.05,0.04,0.06,0.08,0.23,0.9,1.27,1.52
2021-06-18,0.05,0.05,0.06,0.09,0.26,0.89,1.22,1.45
2021-06-21,0.04,0.05,0.06,0.09,0.27,0.9,1.25,1.5
2021-06-22,0.04,0.04,0.06,0.09,0.25,0.87,1.23,1.48
2021-06-23,0.04,0.05,0.05,0.08,0.26,0.9,1.25,1.5
2021-06-24,0.05,0.05,0.05,0.08,0.26,0.9,1.26,1.49
2021-06-25,0.05,0.06,0.06,0.09,0.28,0.92,1.29,1.54
2021-06-28,0.04,0.05,0.06,0.08,0.25,0.9,1.25,1.49
2021-06-29,0.04,0.04,0.06,0.08,0.27,0.89,1.24,1.49
2021-06-30,0.05,0.05,0.06,0.07,0.25,0.87,1.21,1.45
2021-07-01,0.05,0.05,0.05,0.09,0.25,0.89,1.24,1.48
2021-07-02,0.05,0.05,0.05,0.08,0.24,0.86,1.19,1.44
2021-07-06,0.05,0.05,0.06,0.07,0.22,0.81,1.13,1.37
2021-07-07,0.05,0.05,0.05,0.08,0.22,0.79,1.09,1.33
2021-07-08,0.06,0.06,0.06,0.07,0.19,0.74,1.06,1.3
2021-07-09,0.06,0.06,0.05,0.08,0.23,0.79,1.12,1.37
2021-07-12,0.05,0.05,0.06,0.08,0.23,0.81,1.13,1.38
2021-07-13,0.05,0.05,0.06,0.08,0.26,0.85,1.16,1.42
2021-07-14,0.06,0.06,0.05,0.08,0.23,0.8,1.11,1.37
2021-07-15,0.05,0.05,0.05,0.07,0.23,0.78,1.07,1.31
2021-07-16,0.05,0.05,0.05,0.08,0.25,0.79,1.08,1.31
2021-07-19,0.05,0.05,0.06,0.07,0.21,0.7,0.97,1.19
2021-07-20,0.05,0.05,0.06,0.08,0.2,0.69,0.98,1.23
2021-07-21,0.04,0.05,0.05,0.07,0.22,0.74,1.05,1.3
2021-07-22,0.04,0.05,0.05,0.07,0.2,0.71,1.02,1.27
2021-07-23,0.05,0.05,0.05,0.07,0.22,0.72,1.04,1.3
2021-07-26,0.05,0.05,0.06,0.08,0.22,0.73,1.04,1.29
2021-07-27,0.04,0.05,0.05,0.07,0.2,0.71,1.01,1.25
2021-07-28,0.04,0.05,0.05,0.07,0.2,0.72,1.01,1.26
2021-07-29,0.05,0.06,0.05,0.08,0.2,0.73,1.04,1.28
2021-07-30,0.05,0.06,0.05,0.07,0.19,0.69,1.0,1.24
2021-08-02,0.05,0.05,0.06,0.07,0.17,0.66,0.96,1.2
2021-08-03,0.05,0.05,0.06,0.07,0.17,0.65,0.95,1.19
2021-08-04,0.05,0.05,0.05,0.07,0.17,0.67,0.96,1.19
2021-08-05,0.05,0.05,0.06,0.08,0.21,0.72,1.01,1.23
2021-08-06,0.04,0.06,0.06,0.09,0.21,0.77,1.07,1.31
2021-08-09,0.04,0.06,0.06,0.08,0.23,0.79,1.09,1.33
2021-08-10,0.05,0.05,0.05,0.08,0.24,0.82,1.12,1.36
2021-08-11,0.05,0.05,0.06,0.08,0.23,0.81,1.11,1.35
2021-08-12,0.05,0.06,0.06,0.09,0.23,0.83,1.13,1.36
2021-08-13,0.04,0.06,0.05,0.08,0.23,0.79,1.08,1.29
2021-08-16,0.04,0.06,0.05,0.08,0.21,0.75,1.04,1.26
2021-08-17,0.03,0.07,0.06,0.07,0.23,0.77,1.05,1.26
2021-08-18,0.03,0.07,0.05,0.07,0.23,0.79,1.06,1.27
2021-08-19,0.04,0.06,0.05,0.06,0.22,0.78,1.04,1.24
2021-08-20,0.04,0.05,0.05,0.06,0.23,0.8,1.06,1.26
2021-08-23,0.04,0.05,0.06,0.07,0.23,0.78,1.05,1.25
2021-08-24,0.03,0.05,0.05,0.06,0.24,0.8,1.08,1.29
2021-08-25,0.04,0.06,0.06,0.07,0.23,0.84,1.13,1.35
2021-08-26,0.04,0.05,0.06,0.07,0.25,0.84,1.13,1.34
2021-08-27,0.04,0.05,0.05,0.07,0.22,0.79,1.09,1.31
2021-08-30,0.04,0.05,0.05,0.08,0.2,0.77,1.07,1.29
2021-08-31,0.03,0.04,0.06,0.07,0.2,0.77,1.08,1.3
2021-09-01,0.04,0.05,0.06,0.07,0.2,0.78,1.08,1.31
2021-09-02,0.05,0.05,0.06,0.07,0.2,0.78,1.07,1.29
2021-09-03,0.04,0.05,0.05,0.08,0.21,0.78,1.09,1.33
2021-09-07,0.04,0.05,0.06,0.08,0.22,0.82,1.14,1.38
2021-09-08,0.05,0.05,0.06,0.08,0.22,0.81,1.11,1.35
2021-09-09,0.07,0.04,0.05,0.07,0.23,0.79,1.08,1.3
2021-09-10,0.06,0.05,0.06,0.08,0.23,0.82,1.12,1.35
2021-09-13,0.06,0.06,0.06,0.07,0.21,0.81,1.11,1.33
2021-09-14,0.05,0.04,0.05,0.07,0.21,0.79,1.07,1.28
2021-09-15,0.04,0.04,0.05,0.07,0.21,0.81,1.1,1.31
2021-09-16,0.06,0.04,0.05,0.07,0.23,0.84,1.13,1.34
2021-09-17,0.06,0.04,0.05,0.07,0.23,0.88,1.17,1.37
2021-09-20,0.06,0.04,0.05,0.07,0.23,0.83,1.12,1.31
2021-09-21,0.05,0.03,0.04,0.07,0.22,0.84,1.13,1.33
2021-09-22,0.04,0.03,0.05,0.08,0.25,0.86,1.13,1.32
2021-09-23,0.05,0.03,0.04,0.08,0.27,0.94,1.22,1.41
2021-09-24,0.06,0.03,0.05,0.08,0.29,0.97,1.27,1.47
2021-09-27,0.06,0.04,0.05,0.09,0.31,0.98,1.3,1.48
2021-09-28,0.07,0.04,0.06,0.09,0.31,1.02,1.34,1.54
2021-09-29,0.05,0.04,0.05,0.09,0.3,1.01,1.34,1.55
2021-09-30,0.07,0.04,0.05,0.09,0.28,0.98,1.32,1.52
2021-10-01,0.08,0.04,0.05,0.09,0.27,0.93,1.26,1.48
2021-10-04,0.09,0.04,0.06,0.09,0.27,0.95,1.27,1.49
2021-10-05,0.1,0.04,0.06,0.09,0.28,0.98,1.32,1.54
2021-10-06,0.06,0.04,0.06,0.1,0.3,0.99,1.32,1.53
2021-10-07,0.03,0.05,0.06,0.1,0.32,1.02,1.36,1.58
2021-10-08,0.02,0.05,0.07,0.09,0.32,1.05,1.39,1.61
2021-10-12,0.03,0.06,0.06,0.1,0.35,1.08,1.39,1.59
2021-10-13,0.03,0.05,0.06,0.11,0.37,1.09,1.38,1.56
2021-10-14,0.05,0.05,0.06,0.1,0.36,1.05,1.34,1.52
2021-10-15,0.04,0.05,0.06,0.12,0.41,1.13,1.42,1.59
2021-10-18,0.05,0.06,0.06,0.11,0.44,1.16,1.43,1.59
2021-10-19,0.06,0.05,0.06,0.11,0.41,1.17,1.47,1.65
2021-10-20,0.06,0.05,0.06,0.1,0.4,1.16,1.46,1.65
2021-10-21,0.06,0.06,0.06,0.12,0.45,1.23,1.52,1.68
2021-10-22,0.05,0.06,0.07,0.13,0.48,1.22,1.49,1.66
2021-10-25,0.07,0.06,0.06,0.14,0.47,1.19,1.47,1.64
2021-10-26,0.06,0.06,0.06,0.14,0.47,1.2,1.46,1.63
2021-10-27,0.06,0.06,0.07,0.12,0.5,1.16,1.41,1.54
2021-10-28,0.06,0.06,0.06,0.15,0.5,1.18,1.44,1.57
2021-10-29,0.06,0.05,0.07,0.15,0.48,1.18,1.44,1.55
2021-11-01,0.05,0.05,0.06,0.15,0.5,1.2,1.46,1.58
2021-11-02,0.05,0.05,0.07,0.15,0.46,1.15,1.42,1.56
2021-11-03,0.05,0.05,0.07,0.17,0.47,1.19,1.46,1.6
2021-11-04,0.05,0.04,0.07,0.14,0.41,1.1,1.37,1.53
2021-11-05,0.05,0.05,0.07,0.14,0.39,1.04,1.3,1.45
2021-11-08,0.04,0.06,0.07,0.16,0.45,1.13,1.38,1.51
2021-11-09,0.04,0.04,0.06,0.14,0.41,1.08,1.32,1.46
2021-11-10,0.06,0.05,0.07,0.17,0.51,1.23,1.45,1.56
2021-11-12,0.05,0.05,0.07,0.17,0.53,1.24,1.47,1.58
2021-11-15,0.06,0.05,0.06,0.18,0.53,1.26,1.51,1.63
2021-11-16,0.06,0.05,0.07,0.17,0.54,1.27,1.52,1.63
2021-11-17,0.06,0.05,0.06,0.18,0.52,1.24,1.49,1.6
2021-11-18,0.12,0.05,0.06,0.18,0.52,1.22,1.47,1.59
2021-11-19,0.11,0.05,0.06,0.18,0.52,1.22,1.45,1.54
2021-11-22,0.07,0.05,0.07,0.2,0.63,1.33,1.55,1.63
2021-11-23,0.06,0.06,0.07,0.21,0.6,1.33,1.58,1.67
2021-11-24,0.14,0.06,0.1,0.24,0.64,1.34,1.58,1.64
2021-11-26,0.11,0.06,0.1,0.2,0.5,1.16,1.4,1.48
2021-11-29,0.07,0.06,0.1,0.21,0.51,1.18,1.42,1.52
2021-11-30,0.11,0.05,0.1,0.24,0.52,1.14,1.36,1.43
2021-12-01,0.09,0.06,0.1,0.25,0.56,1.15,1.35,1.43
2021-12-02,0.05,0.05,0.09,0.27,0.63,1.21,1.38,1.44
2021-12-03,0.04,0.06,0.09,0.26,0.6,1.13,1.29,1.35
2021-12-06,0.05,0.05,0.12,0.28,0.65,1.21,1.38,1.43
2021-12-07,0.05,0.06,0.15,0.31,0.7,1.26,1.43,1.48
2021-12-08,0.04,0.07,0.13,0.29,0.68,1.27,1.44,1.52
2021-12-09,0.03,0.06,0.12,0.28,0.7,1.26,1.42,1.49
2021-12-10,0.03,0.06,0.13,0.27,0.67,1.25,1.42,1.48
2021-12-13,0.01,0.05,0.11,0.27,0.66,1.21,1.37,1.42
2021-12-14,0.02,0.05,0.13,0.26,0.67,1.23,1.39,1.44
2021-12-15,0.03,0.05,0.13,0.29,0.69,1.26,1.42,1.47
2021-12-16,0.04,0.05,0.13,0.26,0.64,1.19,1.36,1.44
2021-12-17,0.03,0.05,0.13,0.27,0.66,1.18,1.34,1.41
2021-12-20,0.03,0.07,0.16,0.27,0.65,1.17,1.34,1.43
2021-12-21,0.03,0.07,0.16,0.29,0.7,1.24,1.4,1.48
2021-12-22,0.03,0.08,0.16,0.28,0.68,1.23,1.39,1.46
2021-12-23,0.04,0.07,0.18,0.31,0.71,1.25,1.42,1.5
2021-12-27,0.04,0.06,0.21,0.33,0.76,1.26,1.41,1.48
2021-12-28,0.03,0.06,0.2,0.39,0.74,1.27,1.41,1.49
2021-12-29,0.01,0.05,0.19,0.38,0.75,1.29,1.47,1.55
2021-12-30,0.06,0.05,0.19,0.38,0.73,1.27,1.44,1.52
2021-12-31,0.06,0.06,0.19,0.39,0.73,1.26,1.44,1.52
2022-01-03,0.05,0.08,0.22,0.4,0.78,1.37,1.55,1.63
2022-01-04,0.06,0.08,0.22,0.38,0.77,1.37,1.57,1.66
2022-01-05,0.05,0.09,0.22,0.41,0.83,1.43,1.62,1.71
2022-01-06,0.04,0.1,0.23,0.45,0.88,1.47,1.66,1.73
2022-01-07,0.05,0.1,0.24,0.43,0.87,1.5,1.69,1.76
2022-01-10,0.05,0.13,0.28,0.46,0.92,1.53,1.71,1.78
2022-01-11,0.04,0.11,0.28,0.46,0.9,1.51,1.69,1.75
2022-01-12,0.04,0.12,0.27,0.48,0.92,1.5,1.67,1.74
2022-01-13,0.05,0.12,0.28,0.47,0.91,1.47,1.64,1.7
2022-01-14,0.05,0.13,0.3,0.51,0.99,1.55,1.72,1.78
2022-01-18,0.05,0.16,0.37,0.58,1.06,1.65,1.82,1.87
2022-01-19,0.05,0.17,0.36,0.57,1.04,1.62,1.78,1.83
2022-01-20,0.05,0.17,0.36,0.6,1.08,1.62,1.77,1.83
2022-01-21,0.05,0.17,0.35,0.58,1.01,1.54,1.7,1.75
2022-01-24,0.05,0.19,0.39,0.58,0.99,1.53,1.69,1.75
2022-01-25,0.05,0.19,0.39,0.65,1.02,1.56,1.73,1.78
2022-01-26,0.06,0.19,0.4,0.7,1.13,1.66,1.81,1.85
2022-01-27,0.04,0.2,0.43,0.75,1.18,1.66,1.78,1.81
2022-01-28,0.04,0.19,0.43,0.75,1.15,1.61,1.74,1.78
2022-01-31,0.03,0.22,0.49,0.78,1.18,1.62,1.75,1.79
2022-02-01,0.04,0.19,0.48,0.78,1.18,1.63,1.76,1.81
2022-02-02,0.04,0.19,0.45,0.76,1.16,1.6,1.74,1.78
2022-02-03,0.03,0.2,0.48,0.78,1.19,1.66,1.78,1.82
2022-02-04,0.05,0.23,0.56,0.89,1.31,1.78,1.9,1.93
2022-02-07,0.03,0.27,0.58,0.88,1.3,1.76,1.88,1.92
2022-02-08,0.03,0.25,0.59,0.91,1.35,1.81,1.93,1.96
2022-02-09,0.04,0.26,0.57,0.91,1.36,1.82,1.92,1.94
2022-02-10,0.05,0.4,0.74,1.14,1.61,1.96,2.03,2.03
2022-02-11,0.03,0.36,0.71,1.07,1.5,1.84,1.92,1.92
2022-02-14,0.03,0.43,0.76,1.13,1.58,1.9,1.98,1.98
2022-02-15,0.02,0.4,0.72,1.11,1.58,1.94,2.03,2.05
2022-02-16,0.03,0.38,0.67,1.09,1.52,1.9,2.0,2.03
2022-02-17,0.06,0.36,0.65,1.05,1.49,1.85,1.94,1.97
2022-02-18,0.03,0.35,0.65,1.03,1.47,1.82,1.9,1.92
2022-02-22,0.03,0.37,0.73,1.17,1.56,1.85,1.93,1.94
2022-02-23,0.02,0.34,0.74,1.16,1.58,1.89,1.98,1.99
2022-02-24,0.05,0.32,0.65,1.08,1.54,1.84,1.94,1.96
2022-02-25,0.03,0.33,0.71,1.13,1.55,1.86,1.96,1.97
2022-02-28,0.06,0.35,0.69,1.01,1.44,1.71,1.81,1.83
2022-03-01,0.11,0.32,0.6,0.91,1.31,1.56,1.67,1.72
2022-03-02,0.13,0.34,0.68,1.06,1.5,1.74,1.83,1.86
2022-03-03,0.19,0.38,0.69,1.08,1.53,1.74,1.82,1.86
2022-03-04,0.15,0.34,0.69,1.05,1.5,1.65,1.7,1.74
2022-03-07,0.17,0.38,0.75,1.07,1.55,1.71,1.77,1.78
2022-03-08,0.16,0.36,0.72,1.12,1.63,1.8,1.85,1.86
2022-03-09,0.18,0.38,0.75,1.15,1.68,1.87,1.92,1.94
2022-03-10,0.19,0.39,0.75,1.19,1.72,1.92,1.98,1.98
2022-03-11,0.17,0.4,0.78,1.22,1.75,1.96,2.01,2.0
2022-03-14,0.23,0.45,0.86,1.28,1.87,2.1,2.16,2.14
2022-03-15,0.22,0.46,0.86,1.28,1.85,2.1,2.16,2.15
2022-03-16,0.24,0.44,0.86,1.35,1.95,2.18,2.22,2.19
2022-03-17,0.2,0.4,0.81,1.3,1.94,2.17,2.22,2.2
2022-03-18,0.19,0.42,0.83,1.29,1.97,2.14,2.17,2.14
2022-03-21,0.22,0.54,0.95,1.4,2.14,2.33,2.36,2.32
2022-03-22,0.2,0.51,0.96,1.59,2.18,2.39,2.42,2.38
2022-03-23,0.15,0.5,0.93,1.52,2.13,2.34,2.37,2.32
2022-03-24,0.16,0.52,0.96,1.55,2.13,2.37,2.39,2.34
2022-03-25,0.17,0.55,1.01,1.67,2.3,2.55,2.56,2.48
2022-03-28,0.19,0.59,1.08,1.69,2.35,2.54,2.55,2.46
2022-03-29,0.18,0.55,1.06,1.67,2.35,2.49,2.5,2.41
2022-03-30,0.16,0.55,1.04,1.64,2.31,2.44,2.43,2.35
2022-03-31,0.17,0.52,1.06,1.63,2.28,2.42,2.4,2.32
2022-04-01,0.15,0.53,1.09,1.72,2.44,2.55,2.5,2.39
2022-04-04,0.18,0.66,1.14,1.72,2.43,2.56,2.52,2.42
2022-04-05,0.18,0.65,1.13,1.77,2.51,2.69,2.65,2.54
2022-04-06,0.21,0.67,1.15,1.79,2.5,2.7,2.69,2.61
2022-04-07,0.21,0.68,1.15,1.78,2.47,2.7,2.73,2.66
2022-04-08,0.2,0.7,1.19,1.81,2.53,2.76,2.79,2.72
2022-04-11,0.22,0.77,1.23,1.85,2.5,2.79,2.84,2.79
2022-04-12,0.21,0.74,1.2,1.77,2.39,2.66,2.73,2.72
2022-04-13,0.26,0.75,1.2,1.78,2.37,2.66,2.71,2.7
2022-04-14,0.37,0.79,1.25,1.84,2.47,2.79,2.84,2.83
2022-04-18,0.38,0.81,1.27,1.84,2.46,2.79,2.85,2.85
2022-04-19,0.37,0.81,1.28,1.94,2.61,2.91,2.95,2.93
2022-04-20,0.35,0.82,1.29,1.93,2.6,2.87,2.88,2.85
2022-04-21,0.5,0.83,1.32,2.01,2.68,2.96,2.96,2.9
2022-04-22,0.46,0.83,1.34,2.06,2.72,2.94,2.95,2.9
2022-04-25,0.4,0.91,1.42,2.03,2.63,2.84,2.85,2.81
2022-04-26,0.38,0.83,1.4,1.99,2.54,2.79,2.8,2.77
2022-04-27,0.37,0.82,1.39,1.97,2.58,2.81,2.84,2.82
2022-04-28,0.37,0.82,1.38,2.04,2.63,2.86,2.88,2.85
2022-04-29,0.37,0.85,1.41,2.1,2.7,2.92,2.94,2.89
2022-05-02,0.41,0.9,1.49,2.1,2.73,3.01,3.04,2.99
2022-05-03,0.48,0.91,1.45,2.16,2.78,3.01,3.03,2.97
2022-05-04,0.49,0.89,1.44,2.07,2.66,2.93,2.97,2.93
2022-05-05,0.49,0.85,1.37,2.08,2.71,3.01,3.07,3.05
2022-05-06,0.48,0.85,1.41,2.08,2.72,3.06,3.13,3.12
2022-05-09,0.51,0.92,1.43,1.99,2.61,2.95,3.04,3.05
2022-05-10,0.57,0.89,1.44,2.01,2.62,2.91,2.99,2.99
2022-05-11,0.59,0.91,1.43,1.99,2.66,2.89,2.94,2.91
2022-05-12,0.61,0.96,1.44,1.96,2.56,2.81,2.86,2.84
2022-05-13,0.67,1.03,1.47,2.04,2.61,2.89,2.95,2.93
2022-05-16,0.64,1.07,1.54,2.07,2.58,2.83,2.89,2.88
2022-05-17,0.61,1.06,1.57,2.16,2.71,2.96,3.0,2.98
2022-05-18,0.56,1.03,1.56,2.16,2.68,2.89,2.91,2.89
2022-05-19,0.65,1.05,1.52,2.11,2.63,2.84,2.87,2.84
2022-05-20,0.63,1.03,1.51,2.07,2.6,2.8,2.82,2.78
2022-05-23,0.55,1.07,1.57,2.09,2.65,2.88,2.9,2.86
2022-05-24,0.55,1.06,1.53,2.02,2.5,2.76,2.8,2.76
2022-05-25,0.58,1.06,1.52,2.01,2.48,2.71,2.76,2.75
2022-05-26,0.71,1.07,1.52,1.99,2.46,2.7,2.75,2.75
2022-05-27,0.69,1.08,1.54,2.01,2.47,2.71,2.76,2.74
2022-05-31,0.73,1.16,1.64,2.08,2.53,2.81,2.87,2.85
2022-06-01,0.77,1.15,1.63,2.16,2.66,2.94,2.98,2.94
2022-06-02,0.85,1.17,1.64,2.15,2.65,2.92,2.95,2.92
2022-06-03,0.87,1.21,1.68,2.18,2.66,2.95,2.99,2.96
2022-06-06,0.88,1.26,1.74,2.23,2.73,3.03,3.07,3.04
2022-06-07,0.87,1.26,1.75,2.26,2.75,2.99,3.02,2.98
2022-06-08,0.89,1.28,1.77,2.29,2.78,3.03,3.06,3.03
2022-06-09,1.05,1.3,1.81,2.35,2.83,3.07,3.08,3.04
2022-06-10,1.1,1.39,1.98,2.58,3.06,3.25,3.24,3.15
2022-06-13,1.13,1.73,2.25,2.89,3.4,3.56,3.53,3.43
2022-06-14,1.19,1.83,2.43,3.15,3.45,3.61,3.6,3.49
2022-06-15,1.21,1.74,2.32,2.93,3.2,3.38,3.39,3.33
2022-06-16,1.19,1.59,2.24,2.88,3.14,3.35,3.36,3.28
2022-06-17,1.15,1.63,2.25,2.86,3.17,3.34,3.34,3.25
2022-06-21,1.08,1.7,2.46,2.92,3.21,3.38,3.39,3.31
2022-06-22,0.98,1.61,2.4,2.79,3.06,3.22,3.24,3.16
2022-06-23,1.12,1.65,2.44,2.78,3.01,3.14,3.16,3.09
2022-06-24,1.19,1.73,2.51,2.83,3.04,3.18,3.19,3.13
2022-06-27,1.16,1.79,2.56,2.89,3.08,3.24,3.27,3.2
2022-06-28,1.12,1.79,2.55,2.88,3.1,3.25,3.27,3.2
2022-06-29,1.12,1.78,2.55,2.88,3.06,3.15,3.17,3.1
2022-06-30,1.28,1.72,2.51,2.8,2.92,3.01,3.04,2.98
2022-07-01,1.27,1.73,2.52,2.79,2.84,2.88,2.92,2.88
2022-07-05,1.33,1.9,2.59,2.77,2.82,2.82,2.87,2.82
2022-07-06,1.36,1.9,2.62,2.82,2.97,2.96,2.99,2.93
2022-07-07,1.55,1.95,2.64,2.87,3.03,3.05,3.07,3.01
2022-07-08,1.57,1.98,2.68,2.96,3.12,3.13,3.16,3.09
2022-07-11,1.58,2.18,2.79,2.97,3.07,3.05,3.06,2.99
2022-07-12,1.63,2.22,2.78,3.07,3.03,3.01,3.01,2.96
2022-07-13,1.78,2.39,2.96,3.21,3.13,3.02,3.0,2.91
2022-07-14,1.99,2.4,2.93,3.16,3.15,3.06,3.05,2.96
2022-07-15,1.98,2.37,2.94,3.12,3.13,3.05,3.03,2.93
2022-07-18,1.96,2.5,3.02,3.13,3.15,3.06,3.05,2.96
2022-07-19,1.93,2.52,3.06,3.18,3.23,3.14,3.11,3.01
2022-07-20,1.92,2.51,3.04,3.18,3.25,3.18,3.15,3.04
2022-07-21,2.15,2.48,3.0,3.11,3.1,3.0,2.99,2.91
2022-07-22,2.15,2.49,2.97,3.01,2.98,2.87,2.85,2.77
2022-07-25,2.14,2.62,3.06,3.07,3.0,2.89,2.89,2.81
2022-07-26,2.17,2.55,3.01,3.06,3.02,2.89,2.88,2.81
2022-07-27,2.14,2.44,2.93,3.0,2.96,2.82,2.83,2.78
2022-07-28,2.2,2.42,2.9,2.93,2.85,2.69,2.69,2.68
2022-07-29,2.22,2.41,2.91,2.98,2.89,2.7,2.7,2.67
2022-08-01,2.22,2.56,2.96,2.98,2.9,2.66,2.64,2.6
2022-08-02,2.22,2.56,3.0,3.09,3.06,2.85,2.82,2.75
2022-08-03,2.2,2.52,3.0,3.14,3.1,2.86,2.81,2.73
2022-08-04,2.19,2.5,2.98,3.11,3.03,2.76,2.73,2.68
2022-08-05,2.21,2.58,3.1,3.29,3.24,2.97,2.91,2.83
2022-08-08,2.23,2.65,3.15,3.3,3.21,2.91,2.85,2.77
2022-08-09,2.23,2.67,3.16,3.33,3.28,2.97,2.89,2.8
2022-08-10,2.24,2.65,3.13,3.26,3.23,2.93,2.86,2.78
2022-08-11,2.24,2.62,3.08,3.25,3.23,2.98,2.94,2.87
2022-08-12,2.23,2.63,3.13,3.26,3.25,2.97,2.92,2.84
2022-08-15,2.27,2.72,3.13,3.23,3.2,2.91,2.86,2.79
2022-08-16,2.26,2.7,3.12,3.26,3.25,2.95,2.9,2.82
2022-08-17,2.22,2.68,3.15,3.27,3.28,3.04,2.99,2.89
2022-08-18,2.23,2.71,3.12,3.24,3.22,3.02,2.97,2.88
2022-08-19,2.23,2.74,3.16,3.26,3.25,3.11,3.06,2.98
2022-08-22,2.27,2.82,3.23,3.32,3.32,3.17,3.12,3.03
2022-08-23,2.28,2.8,3.21,3.29,3.29,3.18,3.14,3.05
2022-08-24,2.29,2.82,3.28,3.35,3.36,3.2,3.2,3.11
2022-08-25,2.42,2.88,3.25,3.33,3.35,3.15,3.11,3.03
2022-08-26,2.39,2.89,3.26,3.36,3.37,3.2,3.14,3.04
2022-08-29,2.45,2.97,3.32,3.43,3.42,3.27,3.21,3.12
2022-08-30,2.43,2.97,3.31,3.48,3.46,3.27,3.22,3.11
2022-08-31,2.4,2.96,3.32,3.5,3.45,3.3,3.25,3.15
2022-09-01,2.53,2.97,3.34,3.51,3.51,3.39,3.36,3.26
2022-09-02,2.49,2.94,3.33,3.47,3.4,3.3,3.29,3.2
2022-09-06,2.44,3.04,3.4,3.61,3.5,3.43,3.41,3.33
2022-09-07,2.3,3.07,3.42,3.6,3.45,3.37,3.35,3.27
2022-09-08,2.57,3.06,3.44,3.6,3.48,3.39,3.37,3.29
2022-09-09,2.57,3.08,3.52,3.67,3.56,3.45,3.42,3.33
2022-09-12,2.62,3.17,3.56,3.7,3.58,3.47,3.45,3.37
2022-09-13,2.55,3.28,3.75,3.92,3.75,3.58,3.53,3.42
2022-09-14,2.54,3.24,3.76,3.95,3.78,3.6,3.52,3.41
2022-09-15,2.76,3.22,3.78,4.0,3.87,3.66,3.59,3.45
2022-09-16,2.68,3.2,3.77,3.96,3.85,3.62,3.56,3.45
2022-09-19,2.62,3.37,3.87,4.05,3.95,3.69,3.62,3.49
2022-09-20,2.57,3.35,3.86,4.03,3.96,3.75,3.69,3.57
2022-09-21,2.59,3.31,3.86,4.08,4.02,3.74,3.65,3.51
2022-09-22,2.73,3.29,3.87,4.08,4.11,3.91,3.84,3.7
2022-09-23,2.67,3.24,3.85,4.15,4.2,3.96,3.85,3.69
2022-09-26,2.73,3.39,3.95,4.17,4.27,4.15,4.06,3.88
2022-09-27,2.71,3.35,3.91,4.16,4.3,4.21,4.14,3.97
2022-09-28,2.63,3.4,3.87,3.99,4.07,3.92,3.83,3.72
2022-09-29,2.78,3.36,3.87,3.98,4.16,3.98,3.89,3.76
2022-09-30,2.79,3.33,3.92,4.05,4.22,4.06,3.97,3.83
2022-10-03,2.87,3.46,3.97,4.01,4.12,3.9,3.79,3.67
2022-10-04,2.91,3.45,3.98,4.15,4.1,3.84,3.73,3.62
2022-10-05,2.89,3.46,4.0,4.14,4.15,3.96,3.87,3.76
2022-10-06,3.05,3.46,4.04,4.19,4.23,4.05,3.95,3.83
2022-10-07,3.03,3.45,4.09,4.24,4.3,4.14,4.03,3.89
2022-10-11,3.07,3.67,4.17,4.28,4.3,4.14,4.06,3.93
2022-10-12,3.07,3.7,4.16,4.28,4.28,4.12,4.03,3.91
2022-10-13,3.35,3.79,4.3,4.46,4.47,4.21,4.11,3.97
2022-10-14,3.3,3.81,4.31,4.5,4.48,4.25,4.15,4.0
2022-10-17,3.3,3.97,4.38,4.5,4.45,4.24,4.15,4.02
2022-10-18,3.25,4.04,4.39,4.5,4.43,4.21,4.12,4.01
2022-10-19,3.31,4.07,4.45,4.6,4.55,4.35,4.26,4.14
2022-10-20,3.58,4.09,4.48,4.66,4.62,4.45,4.36,4.24
2022-10-21,3.55,4.09,4.43,4.58,4.49,4.34,4.28,4.21
2022-10-24,3.57,4.16,4.52,4.61,4.5,4.36,4.31,4.25
2022-10-25,3.56,4.14,4.5,4.6,4.42,4.25,4.17,4.1
2022-10-26,3.54,4.11,4.47,4.54,4.39,4.2,4.12,4.04
2022-10-27,3.76,4.13,4.44,4.5,4.3,4.09,4.01,3.96
2022-10-28,3.75,4.18,4.51,4.55,4.41,4.19,4.1,4.02
2022-10-31,3.73,4.22,4.57,4.66,4.51,4.27,4.18,4.1
2022-11-01,3.72,4.23,4.58,4.75,4.54,4.27,4.18,4.07
2022-11-02,3.7,4.22,4.57,4.76,4.61,4.3,4.2,4.1
2022-11-03,3.75,4.25,4.57,4.78,4.71,4.36,4.26,4.14
2022-11-04,3.73,4.21,4.55,4.76,4.66,4.33,4.26,4.17
2022-11-07,3.78,4.29,4.62,4.8,4.72,4.39,4.31,4.22
2022-11-08,3.66,4.28,4.6,4.77,4.67,4.31,4.22,4.14
2022-11-09,3.65,4.29,4.59,4.75,4.61,4.27,4.2,4.12
2022-11-10,3.71,4.28,4.52,4.59,4.34,3.95,3.89,3.82
2022-11-14,3.72,4.34,4.55,4.63,4.4,4.0,3.95,3.88
2022-11-15,3.77,4.31,4.54,4.6,4.37,3.93,3.88,3.8
2022-11-16,3.81,4.32,4.54,4.62,4.35,3.83,3.77,3.67
2022-11-17,3.93,4.32,4.57,4.68,4.43,3.93,3.87,3.77
2022-11-18,3.93,4.34,4.61,4.74,4.51,3.99,3.92,3.82
2022-11-21,3.97,4.41,4.65,4.75,4.48,3.97,3.94,3.83
2022-11-22,3.97,4.4,4.68,4.79,4.47,3.93,3.86,3.76
2022-11-23,4.12,4.4,4.67,4.75,4.46,3.88,3.81,3.71
2022-11-25,4.16,4.41,4.67,4.76,4.42,3.85,3.78,3.68
2022-11-28,4.11,4.41,4.72,4.76,4.46,3.88,3.8,3.69
2022-11-29,4.08,4.38,4.72,4.78,4.48,3.92,3.85,3.75
2022-11-30,4.07,4.37,4.7,4.74,4.38,3.82,3.76,3.68
2022-12-01,4.04,4.33,4.65,4.66,4.25,3.68,3.62,3.53
2022-12-02,3.91,4.34,4.65,4.69,4.28,3.67,3.61,3.51
2022-12-05,3.93,4.36,4.73,4.77,4.41,3.8,3.72,3.6
2022-12-06,3.87,4.37,4.74,4.73,4.34,3.73,3.64,3.51
2022-12-07,3.79,4.29,4.72,4.67,4.26,3.62,3.54,3.42
2022-12-08,3.75,4.28,4.71,4.71,4.31,3.71,3.63,3.48
2022-12-09,3.81,4.31,4.72,4.72,4.33,3.75,3.69,3.57
2022-12-12,3.86,4.38,4.78,4.75,4.39,3.8,3.73,3.61
2022-12-13,3.89,4.35,4.7,4.64,4.22,3.66,3.6,3.51
2022-12-14,3.91,4.33,4.68,4.64,4.23,3.64,3.59,3.49
2022-12-15,3.95,4.34,4.7,4.65,4.23,3.62,3.56,3.44
2022-12-16,3.94,4.31,4.68,4.61,4.17,3.61,3.58,3.48
2022-12-19,3.95,4.37,4.71,4.64,4.25,3.7,3.67,3.57
2022-12-20,3.89,4.35,4.7,4.64,4.25,3.79,3.78,3.69
2022-12-21,3.9,4.33,4.67,4.6,4.21,3.78,3.77,3.68
2022-12-22,3.8,4.35,4.66,4.64,4.24,3.79,3.77,3.67
2022-12-23,3.8,4.34,4.67,4.66,4.31,3.86,3.83,3.75
2022-12-27,3.87,4.46,4.76,4.75,4.32,3.94,3.93,3.84
2022-12-28,3.86,4.46,4.75,4.71,4.31,3.97,3.97,3.88
2022-12-29,4.04,4.45,4.73,4.71,4.34,3.94,3.91,3.83
2022-12-30,4.12,4.42,4.76,4.73,4.41,3.99,3.96,3.88
2023-01-03,4.17,4.53,4.77,4.72,4.4,3.94,3.89,3.79
2023-01-04,4.2,4.55,4.77,4.71,4.36,3.85,3.79,3.69
2023-01-05,4.3,4.66,4.81,4.78,4.45,3.9,3.82,3.71
2023-01-06,4.32,4.67,4.79,4.71,4.24,3.69,3.63,3.55
2023-01-09,4.37,4.7,4.83,4.69,4.19,3.66,3.6,3.53
2023-01-10,4.41,4.73,4.85,4.74,4.24,3.72,3.67,3.61
2023-01-11,4.42,4.72,4.84,4.73,4.2,3.66,3.61,3.54
2023-01-12,4.57,4.66,4.76,4.66,4.12,3.53,3.48,3.43
2023-01-13,4.58,4.67,4.77,4.69,4.22,3.6,3.55,3.49
2023-01-17,4.6,4.71,4.82,4.67,4.18,3.6,3.57,3.53
2023-01-18,4.59,4.69,4.79,4.63,4.06,3.43,3.4,3.37
2023-01-19,4.69,4.71,4.79,4.65,4.09,3.48,3.43,3.39
2023-01-20,4.69,4.72,4.8,4.68,4.14,3.56,3.51,3.48
2023-01-23,4.69,4.73,4.82,4.7,4.21,3.61,3.56,3.52
2023-01-24,4.7,4.72,4.84,4.7,4.12,3.58,3.52,3.46
2023-01-25,4.67,4.72,4.79,4.67,4.11,3.54,3.51,3.46
2023-01-26,4.61,4.71,4.79,4.68,4.17,3.58,3.54,3.49
2023-01-27,4.61,4.73,4.81,4.68,4.19,3.62,3.58,3.52
2023-01-30,4.6,4.72,4.82,4.71,4.25,3.68,3.62,3.55
2023-01-31,4.58,4.7,4.8,4.68,4.21,3.63,3.59,3.52
2023-02-01,4.59,4.66,4.79,4.66,4.09,3.48,3.43,3.39
2023-02-02,4.62,4.66,4.76,4.64,4.09,3.49,3.44,3.4
2023-02-03,4.61,4.7,4.82,4.79,4.3,3.67,3.61,3.53
2023-02-06,4.61,4.71,4.89,4.85,4.44,3.81,3.73,3.63
2023-02-07,4.62,4.71,4.89,4.88,4.47,3.85,3.78,3.67
2023-02-08,4.64,4.72,4.88,4.87,4.45,3.82,3.75,3.63
2023-02-09,4.66,4.77,4.9,4.88,4.48,3.87,3.79,3.67
2023-02-10,4.66,4.79,4.89,4.89,4.5,3.93,3.86,3.74
2023-02-13,4.66,4.81,4.99,4.91,4.52,3.93,3.84,3.72
2023-02-14,4.63,4.8,4.98,4.99,4.6,4.0,3.9,3.77
2023-02-15,4.64,4.79,4.97,4.96,4.62,4.04,3.94,3.81
2023-02-16,4.66,4.84,4.98,4.99,4.62,4.06,3.98,3.86
2023-02-17,4.64,4.84,4.99,5.0,4.6,4.03,3.95,3.82
2023-02-21,4.63,4.86,5.07,5.07,4.67,4.16,4.08,3.95
2023-02-22,4.62,4.84,5.08,5.07,4.66,4.13,4.07,3.93
2023-02-23,4.66,4.84,5.05,5.03,4.66,4.09,4.02,3.88
2023-02-24,4.68,4.86,5.06,5.05,4.78,4.19,4.1,3.95
2023-02-27,4.67,4.89,5.18,5.03,4.78,4.17,4.08,3.92
2023-02-28,4.65,4.88,5.17,5.02,4.81,4.18,4.07,3.92
2023-03-01,4.67,4.9,5.2,5.06,4.89,4.27,4.17,4.01
2023-03-02,4.75,4.91,5.18,5.04,4.89,4.32,4.24,4.08
2023-03-03,4.75,4.91,5.18,5.03,4.86,4.26,4.15,3.97
2023-03-06,4.75,4.93,5.22,5.05,4.89,4.27,4.16,3.98
2023-03-07,4.8,5.04,5.32,5.22,5.0,4.31,4.17,3.97
2023-03-08,4.77,5.06,5.34,5.25,5.05,4.34,4.19,3.98
2023-03-09,4.83,5.05,5.32,5.18,4.9,4.22,4.1,3.93
2023-03-10,4.81,5.01,5.17,4.9,4.6,3.96,3.86,3.7
2023-03-13,4.62,4.87,4.81,4.3,4.03,3.68,3.65,3.55
2023-03-14,4.47,4.88,4.93,4.45,4.2,3.78,3.74,3.64
2023-03-15,4.23,4.75,4.73,4.19,3.93,3.59,3.57,3.51
2023-03-16,4.22,4.74,4.94,4.49,4.14,3.72,3.67,3.56
2023-03-17,4.31,4.52,4.71,4.26,3.81,3.44,3.45,3.39
2023-03-20,4.34,4.81,4.8,4.34,3.92,3.56,3.55,3.47
2023-03-21,4.07,4.78,4.96,4.68,4.17,3.73,3.68,3.59
2023-03-22,4.16,4.79,4.95,4.56,3.96,3.54,3.53,3.48
2023-03-23,4.26,4.73,4.8,4.38,3.76,3.39,3.39,3.38
2023-03-24,4.28,4.74,4.76,4.32,3.76,3.41,3.4,3.38
2023-03-27,4.22,4.91,4.86,4.51,3.94,3.59,3.57,3.53
2023-03-28,4.24,4.8,4.9,4.55,4.02,3.63,3.6,3.55
2023-03-29,4.34,4.8,4.92,4.59,4.08,3.67,3.62,3.57
2023-03-30,4.74,4.97,4.92,4.63,4.1,3.66,3.61,3.55
2023-03-31,4.74,4.85,4.94,4.64,4.06,3.6,3.55,3.48
2023-04-03,4.7,4.9,4.88,4.6,3.97,3.52,3.48,3.43
2023-04-04,4.66,4.88,4.8,4.5,3.84,3.39,3.38,3.35
2023-04-05,4.62,4.86,4.82,4.43,3.79,3.36,3.34,3.3
2023-04-06,4.57,4.91,4.93,4.51,3.82,3.37,3.34,3.3
2023-04-07,4.56,4.95,4.95,4.61,3.97,3.49,3.45,3.39
2023-04-10,4.53,5.08,4.98,4.65,4.0,3.52,3.47,3.41
2023-04-11,4.27,5.04,4.99,4.67,4.03,3.54,3.48,3.43
2023-04-12,4.27,5.02,4.98,4.64,3.95,3.46,3.43,3.41
2023-04-13,4.08,5.1,4.95,4.66,3.96,3.51,3.48,3.45
2023-04-14,4.29,5.14,5.03,4.77,4.08,3.6,3.56,3.52
2023-04-17,4.09,5.21,5.07,4.8,4.18,3.69,3.64,3.6
2023-04-18,3.89,5.2,5.09,4.81,4.19,3.69,3.63,3.58
2023-04-19,3.95,5.16,5.1,4.84,4.24,3.71,3.66,3.6
2023-04-20,3.4,5.12,5.06,4.77,4.14,3.63,3.59,3.54
2023-04-21,3.36,5.14,5.07,4.78,4.17,3.66,3.62,3.57
2023-04-24,3.54,5.2,5.06,4.76,4.12,3.6,3.56,3.52
2023-04-25,4.11,5.12,4.98,4.6,3.86,3.43,3.42,3.4
2023-04-26,3.91,5.16,5.0,4.64,3.9,3.46,3.45,3.43
2023-04-27,4.27,5.18,5.05,4.78,4.07,3.6,3.57,3.53
2023-04-28,4.35,5.1,5.06,4.8,4.04,3.51,3.49,3.44
2023-05-01,4.49,5.27,5.14,4.86,4.14,3.64,3.62,3.59
2023-05-02,4.56,5.24,5.06,4.74,3.97,3.46,3.44,3.44
2023-05-03,4.7,5.26,5.08,4.7,3.89,3.37,3.37,3.38
2023-05-04,5.76,5.26,5.04,4.59,3.75,3.29,3.32,3.37
2023-05-05,5.59,5.26,5.13,4.73,3.92,3.41,3.41,3.44
2023-05-08,5.51,5.31,5.14,4.79,4.0,3.49,3.5,3.52
2023-05-09,5.56,5.29,5.18,4.81,4.01,3.51,3.51,3.53
2023-05-10,5.5,5.24,5.13,4.7,3.9,3.37,3.4,3.43
2023-05-11,5.81,5.2,5.14,4.7,3.89,3.36,3.37,3.39
2023-05-12,5.79,5.25,5.16,4.75,3.98,3.45,3.45,3.46
2023-05-15,5.64,5.21,5.24,4.73,3.99,3.46,3.48,3.5
2023-05-16,5.58,5.23,5.26,4.88,4.06,3.52,3.53,3.54
2023-05-17,5.5,5.26,5.3,4.92,4.12,3.58,3.58,3.57
2023-05-18,5.59,5.31,5.38,5.02,4.24,3.69,3.67,3.65
2023-05-19,5.62,5.29,5.36,5.02,4.28,3.76,3.74,3.7
2023-05-22,5.69,5.4,5.43,5.07,4.29,3.77,3.74,3.72
2023-05-23,5.67,5.34,5.39,5.06,4.26,3.76,3.73,3.7
2023-05-24,5.73,5.37,5.42,5.12,4.31,3.75,3.76,3.73
2023-05-25,5.95,5.38,5.46,5.24,4.5,3.9,3.86,3.83
2023-05-26,6.02,5.34,5.44,5.25,4.54,3.92,3.86,3.8
2023-05-30,5.31,5.55,5.52,5.22,4.46,3.81,3.75,3.69
2023-05-31,5.28,5.52,5.46,5.18,4.4,3.74,3.69,3.64
2023-06-01,5.3,5.5,5.44,5.11,4.33,3.7,3.66,3.61
2023-06-02,5.28,5.5,5.5,5.22,4.5,3.84,3.78,3.69
2023-06-05,5.25,5.46,5.46,5.17,4.46,3.82,3.77,3.69
2023-06-06,5.15,5.44,5.44,5.2,4.51,3.85,3.78,3.7
2023-06-07,5.07,5.42,5.43,5.16,4.56,3.93,3.88,3.79
2023-06-08,5.25,5.38,5.39,5.12,4.52,3.87,3.8,3.73
2023-06-09,5.25,5.37,5.39,5.17,4.59,3.92,3.84,3.75
2023-06-12,5.24,5.4,5.38,5.18,4.55,3.89,3.82,3.73
2023-06-13,5.19,5.36,5.36,5.26,4.67,4.01,3.94,3.84
2023-06-14,5.18,5.36,5.36,5.27,4.74,4.06,3.95,3.83
2023-06-15,5.18,5.33,5.33,5.21,4.62,3.91,3.82,3.72
2023-06-16,5.18,5.34,5.35,5.24,4.7,3.99,3.88,3.77
2023-06-20,5.17,5.39,5.41,5.24,4.68,3.96,3.85,3.74
2023-06-21,5.16,5.4,5.41,5.25,4.68,3.95,3.84,3.72
2023-06-22,5.18,5.4,5.41,5.29,4.77,4.03,3.92,3.8
2023-06-23,5.17,5.41,5.41,5.25,4.71,3.99,3.88,3.74
2023-06-26,5.17,5.5,5.45,5.27,4.65,3.96,3.85,3.72
2023-06-27,5.17,5.44,5.46,5.33,4.74,4.02,3.9,3.77
2023-06-28,5.17,5.44,5.47,5.32,4.71,3.97,3.83,3.71
2023-06-29,5.25,5.46,5.5,5.41,4.87,4.14,3.99,3.85
2023-06-30,5.24,5.43,5.47,5.4,4.87,4.13,3.97,3.81
2023-07-03,5.27,5.44,5.53,5.43,4.94,4.19,4.03,3.86
2023-07-05,5.28,5.44,5.52,5.4,4.94,4.25,4.11,3.95
2023-07-06,5.32,5.46,5.54,5.44,4.99,4.37,4.22,4.05
2023-07-07,5.32,5.46,5.53,5.41,4.94,4.35,4.23,4.06
2023-07-10,5.34,5.48,5.54,5.38,4.85,4.25,4.14,4.01
2023-07-11,5.35,5.49,5.55,5.44,4.88,4.24,4.13,3.99
2023-07-12,5.36,5.47,5.53,5.35,4.72,4.07,3.97,3.86
2023-07-13,5.37,5.47,5.49,5.27,4.59,3.93,3.85,3.76
2023-07-14,5.37,5.49,5.52,5.34,4.74,4.04,3.94,3.83
2023-07-17,5.37,5.49,5.52,5.33,4.74,4.02,3.91,3.81
2023-07-18,5.37,5.49,5.51,5.32,4.74,4.0,3.9,3.8
2023-07-19,5.37,5.49,5.51,5.32,4.74,3.98,3.87,3.75
2023-07-20,5.44,5.49,5.52,5.35,4.8,4.08,3.98,3.85
2023-07-21,5.43,5.5,5.53,5.35,4.82,4.09,3.97,3.84
2023-07-24,5.44,5.51,5.55,5.38,4.81,4.13,4.0,3.86
2023-07-25,5.46,5.51,5.57,5.38,4.85,4.15,4.05,3.91
2023-07-26,5.46,5.51,5.55,5.37,4.82,4.09,3.99,3.86
2023-07-27,5.47,5.51,5.56,5.4,4.91,4.24,4.13,4.01
2023-07-28,5.47,5.52,5.54,5.37,4.87,4.18,4.08,3.96
2023-07-31,5.48,5.55,5.53,5.37,4.88,4.18,4.08,3.97
2023-08-01,5.49,5.54,5.54,5.38,4.92,4.24,4.15,4.05
2023-08-02,5.48,5.53,5.52,5.36,4.88,4.24,4.17,4.08
2023-08-03,5.54,5.54,5.52,5.37,4.9,4.3,4.26,4.2
2023-08-04,5.54,5.54,5.5,5.33,4.78,4.15,4.1,4.05
2023-08-07,5.54,5.56,5.53,5.3,4.76,4.16,4.13,4.09
2023-08-08,5.54,5.57,5.53,5.35,4.74,4.1,4.06,4.02
2023-08-09,5.51,5.55,5.54,5.35,4.79,4.12,4.07,4.0
2023-08-10,5.55,5.54,5.52,5.33,4.82,4.21,4.17,4.09
2023-08-11,5.54,5.54,5.52,5.36,4.89,4.31,4.26,4.16
2023-08-14,5.55,5.56,5.56,5.37,4.96,4.36,4.29,4.19
2023-08-15,5.53,5.56,5.55,5.36,4.92,4.36,4.31,4.21
2023-08-16,5.52,5.56,5.54,5.37,4.97,4.42,4.37,4.28
2023-08-17,5.55,5.56,5.53,5.36,4.94,4.42,4.38,4.3
2023-08-18,5.53,5.55,5.52,5.35,4.92,4.38,4.34,4.26
2023-08-21,5.55,5.57,5.58,5.37,4.97,4.46,4.42,4.34
2023-08-22,5.54,5.57,5.57,5.39,5.02,4.49,4.44,4.34
2023-08-23,5.54,5.57,5.55,5.35,4.95,4.36,4.3,4.19
2023-08-24,5.55,5.58,5.59,5.39,4.98,4.39,4.34,4.23
2023-08-25,5.56,5.61,5.61,5.44,5.03,4.44,4.37,4.25
2023-08-28,5.56,5.58,5.56,5.44,4.98,4.38,4.32,4.2
2023-08-29,5.54,5.56,5.52,5.37,4.87,4.26,4.21,4.12
2023-08-30,5.55,5.56,5.51,5.39,4.9,4.27,4.22,4.12
2023-08-31,5.52,5.56,5.48,5.37,4.85,4.23,4.19,4.09
2023-09-01,5.51,5.53,5.47,5.36,4.87,4.29,4.27,4.18
2023-09-05,5.51,5.55,5.51,5.42,4.94,4.37,4.35,4.27
2023-09-06,5.52,5.55,5.52,5.44,5.01,4.44,4.39,4.3
2023-09-07,5.52,5.53,5.5,5.4,4.94,4.38,4.35,4.27
2023-09-08,5.52,5.55,5.49,5.42,4.98,4.39,4.35,4.26
2023-09-11,5.52,5.55,5.51,5.4,4.97,4.4,4.37,4.29
2023-09-12,5.52,5.56,5.53,5.42,4.98,4.41,4.36,4.27
2023-09-13,5.53,5.55,5.51,5.42,4.96,4.39,4.34,4.25
2023-09-14,5.52,5.55,5.5,5.42,5.0,4.42,4.38,4.29
2023-09-15,5.51,5.56,5.49,5.43,5.02,4.45,4.41,4.33
2023-09-18,5.53,5.55,5.51,5.44,5.05,4.46,4.41,4.32
2023-09-19,5.53,5.54,5.51,5.45,5.08,4.51,4.47,4.37
2023-09-20,5.53,5.56,5.51,5.47,5.12,4.52,4.46,4.35
2023-09-21,5.52,5.57,5.52,5.46,5.12,4.61,4.57,4.49
2023-09-22,5.52,5.56,5.52,5.46,5.1,4.57,4.53,4.44
2023-09-25,5.54,5.58,5.52,5.45,5.09,4.62,4.61,4.55
2023-09-26,5.54,5.58,5.53,5.45,5.04,4.62,4.62,4.56
2023-09-27,5.54,5.58,5.53,5.49,5.1,4.67,4.69,4.61
2023-09-28,5.56,5.56,5.53,5.46,5.04,4.62,4.63,4.59
2023-09-29,5.55,5.55,5.53,5.46,5.03,4.6,4.61,4.59
2023-10-02,5.56,5.62,5.58,5.49,5.12,4.72,4.73,4.69
2023-10-03,5.55,5.62,5.58,5.49,5.15,4.8,4.84,4.81
2023-10-04,5.56,5.61,5.57,5.42,5.05,4.72,4.75,4.73
2023-10-05,5.57,5.61,5.56,5.39,5.03,4.68,4.73,4.72
2023-10-06,5.59,5.63,5.59,5.43,5.08,4.75,4.79,4.78
2023-10-10,5.6,5.61,5.57,5.37,4.96,4.62,4.66,4.66
2023-10-11,5.58,5.61,5.56,5.38,4.99,4.59,4.61,4.58
2023-10-12,5.61,5.63,5.58,5.43,5.06,4.69,4.73,4.7
2023-10-13,5.6,5.62,5.57,5.41,5.04,4.65,4.66,4.63
2023-10-16,5.57,5.61,5.58,5.42,5.09,4.72,4.74,4.71
2023-10-17,5.58,5.62,5.6,5.48,5.19,4.86,4.88,4.83
2023-10-18,5.57,5.61,5.58,5.47,5.19,4.92,4.95,4.91
2023-10-19,5.58,5.6,5.56,5.44,5.14,4.95,5.0,4.98
2023-10-20,5.56,5.58,5.54,5.41,5.07,4.86,4.93,4.93
2023-10-23,5.57,5.58,5.56,5.42,5.05,4.81,4.87,4.86
2023-10-24,5.57,5.58,5.57,5.41,5.02,4.82,4.86,4.83
2023-10-25,5.56,5.59,5.57,5.43,5.08,4.89,4.98,4.95
2023-10-26,5.57,5.59,5.55,5.39,5.02,4.79,4.86,4.86
2023-10-27,5.57,5.59,5.55,5.39,4.99,4.76,4.83,4.84
2023-10-30,5.56,5.6,5.53,5.41,5.03,4.8,4.88,4.88
2023-10-31,5.56,5.59,5.54,5.44,5.07,4.82,4.89,4.88
2023-11-01,5.56,5.57,5.51,5.37,4.95,4.67,4.75,4.77
2023-11-02,5.52,5.54,5.5,5.38,4.98,4.65,4.68,4.67
2023-11-03,5.53,5.53,5.45,5.29,4.83,4.49,4.55,4.57
2023-11-06,5.53,5.56,5.47,5.33,4.93,4.6,4.66,4.67
2023-11-07,5.53,5.55,5.47,5.33,4.91,4.53,4.58,4.58
2023-11-08,5.52,5.54,5.46,5.34,4.93,4.51,4.54,4.49
2023-11-09,5.53,5.54,5.46,5.39,5.03,4.65,4.68,4.62
2023-11-10,5.53,5.53,5.46,5.38,5.04,4.65,4.68,4.61
2023-11-13,5.53,5.55,5.48,5.37,5.02,4.66,4.69,4.63
2023-11-14,5.52,5.52,5.41,5.24,4.8,4.42,4.45,4.44
2023-11-15,5.52,5.53,5.41,5.27,4.9,4.52,4.56,4.53
2023-11-16,5.53,5.51,5.38,5.23,4.83,4.43,4.47,4.45
2023-11-17,5.52,5.5,5.39,5.24,4.88,4.45,4.47,4.44
2023-11-20,5.53,5.54,5.43,5.25,4.89,4.44,4.46,4.42
2023-11-21,5.52,5.53,5.42,5.24,4.86,4.41,4.44,4.41
2023-11-22,5.54,5.54,5.42,5.26,4.89,4.44,4.46,4.42
2023-11-24,5.55,5.54,5.45,5.27,4.92,4.49,4.51,4.47
2023-11-27,5.54,5.49,5.45,5.24,4.84,4.38,4.43,4.39
2023-11-28,5.53,5.47,5.42,5.21,4.73,4.29,4.36,4.34
2023-11-29,5.53,5.45,5.38,5.12,4.64,4.22,4.28,4.27
2023-11-30,5.56,5.45,5.38,5.16,4.73,4.31,4.38,4.37
2023-12-01,5.55,5.43,5.33,5.05,4.56,4.14,4.22,4.22
2023-12-04,5.55,5.46,5.41,5.1,4.64,4.23,4.3,4.28
2023-12-05,5.54,5.45,5.37,5.06,4.57,4.14,4.2,4.18
2023-12-06,5.54,5.45,5.38,5.07,4.6,4.12,4.16,4.12
2023-12-07,5.53,5.44,5.36,5.05,4.58,4.11,4.16,4.14
2023-12-08,5.54,5.44,5.39,5.13,4.71,4.24,4.28,4.23
2023-12-11,5.55,5.47,5.4,5.14,4.71,4.25,4.27,4.23
2023-12-12,5.53,5.46,5.41,5.14,4.73,4.23,4.24,4.2
2023-12-13,5.52,5.44,5.33,4.94,4.46,4.0,4.04,4.04
2023-12-14,5.54,5.43,5.31,4.9,4.37,3.9,3.93,3.92
2023-12-15,5.54,5.44,5.33,4.95,4.44,3.91,3.94,3.91
2023-12-18,5.52,5.46,5.36,4.95,4.43,3.94,3.97,3.95
2023-12-19,5.51,5.43,5.35,4.93,4.41,3.94,3.96,3.93
2023-12-20,5.5,5.44,5.33,4.88,4.34,3.86,3.88,3.86
2023-12-21,5.54,5.42,5.31,4.84,4.33,3.87,3.91,3.89
2023-12-22,5.54,5.44,5.31,4.82,4.31,3.87,3.92,3.9
2023-12-26,5.53,5.45,5.28,4.83,4.26,3.89,3.91,3.89
2023-12-27,5.55,5.44,5.26,4.79,4.2,3.78,3.81,3.79
2023-12-28,5.57,5.45,5.28,4.82,4.26,3.83,3.84,3.84
2023-12-29,5.6,5.4,5.26,4.79,4.23,3.84,3.88,3.88
2024-01-02,5.55,5.46,5.24,4.8,4.33,3.93,3.95,3.95
2024-01-03,5.54,5.48,5.25,4.81,4.33,3.9,3.92,3.91
2024-01-04,5.56,5.48,5.25,4.85,4.38,3.97,3.99,3.99
2024-01-05,5.54,5.47,5.24,4.84,4.4,4.02,4.04,4.05
2024-01-08,5.54,5.49,5.24,4.82,4.36,3.97,3.99,4.01
2024-01-09,5.53,5.47,5.24,4.82,4.36,3.97,4.0,4.02
2024-01-10,5.53,5.46,5.23,4.82,4.37,3.99,4.01,4.04
2024-01-11,5.54,5.46,5.22,4.75,4.26,3.9,3.95,3.98
2024-01-12,5.55,5.45,5.16,4.65,4.14,3.84,3.91,3.96
2024-01-16,5.54,5.45,5.18,4.7,4.22,3.95,4.01,4.07
2024-01-17,5.54,5.47,5.2,4.8,4.34,4.02,4.07,4.1
2024-01-18,5.53,5.45,5.2,4.8,4.34,4.04,4.1,4.14
2024-01-19,5.54,5.45,5.21,4.84,4.39,4.08,4.12,4.15
2024-01-22,5.53,5.46,5.22,4.83,4.37,4.03,4.07,4.11
2024-01-23,5.53,5.45,5.21,4.81,4.31,4.06,4.11,4.14
2024-01-24,5.52,5.44,5.22,4.83,4.34,4.06,4.14,4.18
2024-01-25,5.54,5.44,5.19,4.76,4.28,4.01,4.07,4.14
2024-01-26,5.54,5.44,5.19,4.78,4.34,4.04,4.1,4.15
2024-01-29,5.53,5.42,5.19,4.76,4.29,3.97,4.02,4.08
2024-01-30,5.53,5.42,5.19,4.8,4.36,4.0,4.03,4.06
2024-01-31,5.53,5.42,5.18,4.73,4.27,3.91,3.95,3.99
2024-02-01,5.49,5.42,5.15,4.68,4.2,3.8,3.83,3.87
2024-02-02,5.49,5.43,5.22,4.81,4.36,3.99,4.02,4.03
2024-02-05,5.49,5.42,5.25,4.87,4.46,4.13,4.16,4.17
2024-02-06,5.48,5.44,5.23,4.82,4.39,4.03,4.07,4.09
2024-02-07,5.47,5.43,5.23,4.83,4.41,4.06,4.09,4.09
2024-02-08,5.49,5.44,5.24,4.83,4.46,4.12,4.15,4.15
2024-02-09,5.49,5.44,5.26,4.86,4.48,4.14,4.17,4.17
2024-02-12,5.49,5.43,5.27,4.87,4.46,4.13,4.16,4.17
2024-02-13,5.48,5.45,5.32,4.99,4.64,4.31,4.33,4.31
2024-02-14,5.48,5.43,5.31,4.94,4.56,4.25,4.27,4.27
2024-02-15,5.49,5.43,5.3,4.93,4.56,4.22,4.25,4.24
2024-02-16,5.48,5.44,5.31,4.98,4.64,4.29,4.31,4.3
2024-02-20,5.49,5.44,5.32,4.97,4.59,4.25,4.28,4.27
2024-02-21,5.5,5.44,5.32,4.98,4.64,4.3,4.33,4.32
2024-02-22,5.49,5.45,5.32,5.02,4.69,4.33,4.35,4.33
2024-02-23,5.49,5.46,5.32,5.0,4.67,4.28,4.28,4.26
2024-02-26,5.5,5.47,5.34,5.03,4.69,4.29,4.32,4.28
2024-02-27,5.5,5.45,5.33,5.03,4.7,4.32,4.34,4.31
2024-02-28,5.5,5.45,5.31,5.0,4.64,4.26,4.28,4.27
2024-02-29,5.53,5.45,5.3,5.01,4.64,4.26,4.28,4.25
2024-03-01,5.54,5.42,5.27,4.94,4.54,4.17,4.2,4.19
2024-03-04,5.51,5.48,5.37,4.98,4.61,4.21,4.23,4.22
2024-03-05,5.5,5.47,5.35,4.94,4.54,4.13,4.15,4.13
2024-03-06,5.5,5.47,5.35,4.95,4.55,4.12,4.12,4.11
2024-03-07,5.51,5.47,5.34,4.93,4.5,4.07,4.09,4.09
2024-03-08,5.51,5.46,5.34,4.92,4.48,4.06,4.08,4.09
2024-03-11,5.5,5.48,5.35,4.95,4.51,4.08,4.09,4.1
2024-03-12,5.52,5.48,5.37,5.0,4.58,4.15,4.16,4.16
2024-03-13,5.52,5.48,5.37,5.01,4.61,4.19,4.2,4.19
2024-03-14,5.52,5.48,5.38,5.04,4.68,4.29,4.3,4.29
2024-03-15,5.52,5.48,5.38,5.05,4.72,4.33,4.33,4.31
2024-03-18,5.52,5.48,5.39,5.06,4.73,4.36,4.35,4.34
2024-03-19,5.52,5.48,5.39,5.06,4.68,4.31,4.31,4.3
2024-03-20,5.5,5.47,5.36,5.01,4.59,4.25,4.28,4.27
2024-03-21,5.51,5.48,5.36,5.01,4.62,4.26,4.28,4.27
2024-03-22,5.51,5.46,5.34,4.98,4.59,4.2,4.22,4.22
2024-03-25,5.51,5.46,5.36,5.0,4.54,4.23,4.25,4.25
2024-03-26,5.5,5.46,5.36,5.0,4.56,4.22,4.23,4.24
2024-03-27,5.5,5.45,5.36,4.99,4.54,4.18,4.18,4.2
2024-03-28,5.49,5.46,5.38,5.03,4.59,4.21,4.2,4.2
2024-04-01,5.49,5.44,5.36,5.06,4.72,4.34,4.33,4.33
2024-04-02,5.49,5.42,5.34,5.05,4.7,4.35,4.37,4.36
2024-04-03,5.47,5.42,5.33,5.03,4.68,4.34,4.36,4.36
2024-04-04,5.47,5.41,5.32,5.0,4.65,4.3,4.31,4.31
2024-04-05,5.47,5.43,5.34,5.05,4.73,4.38,4.39,4.39
2024-04-08,5.48,5.43,5.35,5.07,4.78,4.43,4.43,4.42
2024-04-09,5.48,5.43,5.34,5.03,4.74,4.37,4.38,4.36
2024-04-10,5.49,5.45,5.4,5.19,4.97,4.61,4.59,4.55
2024-04-11,5.48,5.45,5.38,5.17,4.93,4.61,4.6,4.56
2024-04-12,5.48,5.45,5.36,5.13,4.88,4.54,4.53,4.5
2024-04-15,5.49,5.45,5.38,5.16,4.93,4.65,4.65,4.63
2024-04-16,5.49,5.45,5.39,5.18,4.97,4.69,4.69,4.67
2024-04-17,5.49,5.45,5.38,5.16,4.93,4.62,4.61,4.59
2024-04-18,5.49,5.46,5.39,5.18,4.98,4.68,4.67,4.64
2024-04-19,5.49,5.45,5.39,5.17,4.97,4.66,4.65,4.62
2024-04-22,5.49,5.42,5.39,5.16,4.97,4.66,4.65,4.62
2024-04-23,5.49,5.45,5.39,5.14,4.86,4.63,4.62,4.61
2024-04-24,5.49,5.46,5.4,5.17,4.89,4.64,4.66,4.65
2024-04-25,5.48,5.47,5.41,5.21,4.96,4.7,4.71,4.7
2024-04-26,5.48,5.46,5.4,5.21,4.96,4.68,4.68,4.67
2024-04-29,5.48,5.45,5.43,5.2,4.97,4.65,4.64,4.63
2024-04-30,5.48,5.46,5.44,5.25,5.04,4.72,4.71,4.69
2024-05-01,5.47,5.46,5.43,5.21,4.96,4.64,4.64,4.63
2024-05-02,5.51,5.46,5.42,5.16,4.87,4.57,4.57,4.58
2024-05-03,5.51,5.45,5.41,5.12,4.81,4.48,4.49,4.5
2024-05-06,5.51,5.45,5.42,5.12,4.82,4.48,4.48,4.49
2024-05-07,5.51,5.45,5.41,5.13,4.82,4.48,4.47,4.47
2024-05-08,5.51,5.45,5.41,5.13,4.84,4.5,4.49,4.48
2024-05-09,5.51,5.46,5.41,5.12,4.8,4.47,4.46,4.45
2024-05-10,5.51,5.47,5.43,5.17,4.87,4.52,4.51,4.5
2024-05-13,5.5,5.45,5.43,5.16,4.85,4.5,4.49,4.48
2024-05-14,5.5,5.44,5.43,5.16,4.81,4.46,4.45,4.45
2024-05-15,5.49,5.45,5.4,5.1,4.73,4.35,4.35,4.36
2024-05-16,5.51,5.45,5.41,5.13,4.78,4.4,4.39,4.38
2024-05-17,5.5,5.46,5.41,5.14,4.83,4.44,4.43,4.42
2024-05-20,5.5,5.45,5.43,5.15,4.82,4.46,4.44,4.44
2024-05-21,5.5,5.45,5.42,5.14,4.82,4.43,4.42,4.41
2024-05-22,5.49,5.45,5.43,5.16,4.86,4.47,4.44,4.43
2024-05-23,5.51,5.46,5.44,5.2,4.91,4.52,4.5,4.47
2024-05-24,5.56,5.46,5.44,5.21,4.93,4.53,4.49,4.46
2024-05-28,5.5,5.46,5.43,5.21,4.94,4.56,4.56,4.54
2024-05-29,5.5,5.46,5.43,5.22,4.96,4.63,4.63,4.61
2024-05-30,5.48,5.46,5.42,5.19,4.92,4.57,4.57,4.55
2024-05-31,5.48,5.46,5.42,5.18,4.89,4.52,4.52,4.51
2024-06-03,5.49,5.52,5.39,5.14,4.82,4.42,4.41,4.41
2024-06-04,5.48,5.52,5.38,5.11,4.77,4.35,4.33,4.33
2024-06-05,5.48,5.51,5.37,5.08,4.72,4.31,4.29,4.29
2024-06-06,5.48,5.51,5.36,5.08,4.72,4.29,4.28,4.28
2024-06-07,5.47,5.52,5.4,5.17,4.87,4.46,4.45,4.43
2024-06-10,5.47,5.52,5.4,5.16,4.87,4.48,4.47,4.47
2024-06-11,5.46,5.52,5.39,5.17,4.81,4.41,4.4,4.39
2024-06-12,5.47,5.51,5.38,5.13,4.75,4.32,4.31,4.31
2024-06-13,5.47,5.51,5.36,5.07,4.68,4.24,4.23,4.24
2024-06-14,5.47,5.51,5.36,5.07,4.67,4.22,4.2,4.2
2024-06-17,5.45,5.52,5.39,5.11,4.75,4.3,4.28,4.28
2024-06-18,5.4,5.5,5.37,5.09,4.69,4.24,4.22,4.22
2024-06-20,5.42,5.5,5.37,5.1,4.7,4.26,4.25,4.25
2024-06-21,5.42,5.49,5.36,5.1,4.7,4.26,4.25,4.25
2024-06-24,5.42,5.5,5.37,5.1,4.71,4.27,4.25,4.25
2024-06-25,5.43,5.49,5.37,5.1,4.65,4.25,4.23,4.23
2024-06-26,5.44,5.5,5.36,5.13,4.71,4.32,4.32,4.32
2024-06-27,5.48,5.49,5.35,5.1,4.7,4.29,4.27,4.29
2024-06-28,5.47,5.48,5.33,5.09,4.71,4.33,4.33,4.36
2024-07-01,5.48,5.47,5.37,5.1,4.77,4.44,4.45,4.48
2024-07-02,5.48,5.47,5.36,5.07,4.74,4.39,4.4,4.43
2024-07-03,5.49,5.47,5.36,5.04,4.71,4.33,4.33,4.36
2024-07-05,5.48,5.46,5.34,4.98,4.6,4.22,4.23,4.28
2024-07-08,5.48,5.46,5.33,4.99,4.62,4.23,4.23,4.28
2024-07-09,5.45,5.46,5.34,5.02,4.62,4.24,4.25,4.3
2024-07-10,5.46,5.46,5.33,5.01,4.62,4.24,4.24,4.28
2024-07-11,5.48,5.44,5.25,4.91,4.5,4.13,4.15,4.2
2024-07-12,5.47,5.43,5.23,4.87,4.45,4.1,4.13,4.18
2024-07-15,5.48,5.43,5.23,4.85,4.44,4.13,4.16,4.23
2024-07-16,5.48,5.43,5.23,4.85,4.43,4.09,4.11,4.17
2024-07-17,5.47,5.43,5.23,4.85,4.42,4.07,4.09,4.16
2024-07-18,5.48,5.43,5.23,4.86,4.46,4.11,4.14,4.2
2024-07-19,5.48,5.43,5.24,4.87,4.49,4.16,4.18,4.25
2024-07-22,5.49,5.43,5.24,4.88,4.5,4.17,4.2,4.26
2024-07-23,5.49,5.41,5.22,4.85,4.4,4.15,4.18,4.25
2024-07-24,5.5,5.4,5.19,4.82,4.37,4.12,4.2,4.28
2024-07-25,5.49,5.39,5.19,4.83,4.41,4.13,4.18,4.27
2024-07-26,5.49,5.38,5.18,4.79,4.36,4.06,4.1,4.2
2024-07-29,5.5,5.41,5.18,4.79,4.36,4.05,4.08,4.17
2024-07-30,5.5,5.4,5.16,4.78,4.35,4.03,4.06,4.15
2024-07-31,5.49,5.41,5.14,4.73,4.29,3.97,4.0,4.09
2024-08-01,5.55,5.37,5.08,4.62,4.16,3.84,3.89,3.99
2024-08-02,5.54,5.29,4.88,4.33,3.88,3.62,3.68,3.8
2024-08-05,5.52,5.35,4.91,4.34,3.89,3.62,3.66,3.78
2024-08-06,5.5,5.34,5.0,4.46,3.99,3.73,3.79,3.9
2024-08-07,5.5,5.34,4.99,4.45,4.0,3.79,3.85,3.96
2024-08-08,5.55,5.34,5.01,4.48,4.04,3.83,3.89,3.99
2024-08-09,5.54,5.33,5.02,4.5,4.05,3.8,3.85,3.94
2024-08-12,5.53,5.33,5.02,4.47,4.01,3.75,3.8,3.9
2024-08-13,5.48,5.32,4.97,4.4,3.93,3.68,3.74,3.85
2024-08-14,5.49,5.32,5.0,4.42,3.94,3.67,3.72,3.83
2024-08-15,5.53,5.34,5.04,4.52,4.08,3.79,3.83,3.92
2024-08-16,5.53,5.33,5.02,4.49,4.06,3.77,3.81,3.89
2024-08-19,5.51,5.31,5.0,4.48,4.06,3.75,3.78,3.86
2024-08-20,5.48,5.29,4.97,4.43,3.99,3.7,3.73,3.82
2024-08-21,5.45,5.26,4.92,4.36,3.92,3.64,3.69,3.79
2024-08-22,5.51,5.28,4.96,4.43,3.99,3.72,3.77,3.86
2024-08-23,5.51,5.25,4.92,4.36,3.9,3.65,3.71,3.81
2024-08-26,5.49,5.24,4.91,4.38,3.91,3.66,3.72,3.82
2024-08-27,5.49,5.23,4.89,4.34,3.83,3.66,3.73,3.83
2024-08-28,5.47,5.21,4.87,4.36,3.83,3.63,3.74,3.84
2024-08-29,5.4,5.22,4.89,4.38,3.87,3.66,3.76,3.87
2024-08-30,5.41,5.21,4.89,4.38,3.91,3.71,3.8,3.91
2024-09-03,5.38,5.19,4.8,4.35,3.88,3.65,3.73,3.84
2024-09-04,5.33,5.18,4.74,4.23,3.76,3.56,3.65,3.77
2024-09-05,5.3,5.15,4.73,4.21,3.75,3.54,3.63,3.73
2024-09-06,5.28,5.13,4.69,4.1,3.66,3.5,3.6,3.72
2024-09-09,5.25,5.11,4.68,4.12,3.68,3.49,3.58,3.7
2024-09-10,5.18,5.06,4.65,4.07,3.59,3.43,3.53,3.65
2024-09-11,5.21,5.1,4.72,4.12,3.62,3.45,3.54,3.65
2024-09-12,5.18,5.06,4.68,4.09,3.64,3.47,3.57,3.68
2024-09-13,5.15,4.97,4.6,4.0,3.57,3.43,3.53,3.66
2024-09-16,5.11,4.96,4.55,3.96,3.56,3.41,3.51,3.63
2024-09-17,5.05,4.95,4.55,3.99,3.59,3.44,3.53,3.65
2024-09-18,4.91,4.84,4.5,3.95,3.61,3.47,3.58,3.7
2024-09-19,4.89,4.8,4.46,3.93,3.59,3.49,3.6,3.73
2024-09-20,4.87,4.75,4.43,3.92,3.55,3.48,3.59,3.73
2024-09-23,4.85,4.72,4.4,3.91,3.57,3.51,3.62,3.75
2024-09-24,4.78,4.69,4.36,3.88,3.49,3.47,3.6,3.74
2024-09-25,4.79,4.69,4.36,3.89,3.53,3.52,3.65,3.79
2024-09-26,4.9,4.68,4.38,3.96,3.6,3.55,3.65,3.79
2024-09-27,4.9,4.68,4.35,3.9,3.55,3.5,3.6,3.75
2024-09-30,4.93,4.73,4.38,3.98,3.66,3.58,3.67,3.81
2024-10-01,4.96,4.71,4.36,3.96,3.61,3.51,3.6,3.74
2024-10-02,4.92,4.69,4.36,3.97,3.63,3.55,3.65,3.79
2024-10-03,4.99,4.68,4.37,4.02,3.7,3.62,3.71,3.85
2024-10-04,5.01,4.73,4.45,4.2,3.93,3.81,3.88,3.98
2024-10-07,5.0,4.77,4.45,4.24,3.99,3.86,3.92,4.03
2024-10-08,4.96,4.75,4.44,4.21,3.98,3.86,3.94,4.04
2024-10-09,4.93,4.75,4.46,4.24,3.99,3.91,3.97,4.06
2024-10-10,4.98,4.75,4.45,4.22,3.98,3.91,3.99,4.09
2024-10-11,4.97,4.73,4.44,4.18,3.95,3.88,3.97,4.08
2024-10-15,4.93,4.73,4.42,4.18,3.95,3.86,3.93,4.03
2024-10-16,4.91,4.72,4.42,4.17,3.93,3.84,3.92,4.02
2024-10-17,4.93,4.74,4.45,4.21,3.96,3.9,3.99,4.09
2024-10-18,4.92,4.73,4.45,4.19,3.95,3.88,3.97,4.08
2024-10-21,4.92,4.73,4.47,4.24,4.02,3.98,4.07,4.19
2024-10-22,4.89,4.72,4.47,4.24,4.03,4.0,4.1,4.2
2024-10-23,4.88,4.73,4.48,4.27,4.07,4.05,4.14,4.24
2024-10-24,4.87,4.7,4.48,4.25,4.07,4.03,4.12,4.21
2024-10-25,4.89,4.73,4.51,4.29,4.11,4.07,4.15,4.25
2024-10-28,4.88,4.7,4.46,4.28,4.12,4.11,4.19,4.28
2024-10-29,4.88,4.7,4.45,4.29,4.11,4.11,4.18,4.28
2024-10-30,4.87,4.67,4.44,4.28,4.15,4.14,4.2,4.29
2024-10-31,4.76,4.64,4.43,4.27,4.16,4.15,4.21,4.28
2024-11-01,4.75,4.61,4.42,4.28,4.21,4.22,4.3,4.37
2024-11-04,4.75,4.65,4.39,4.25,4.17,4.17,4.24,4.31
2024-11-05,4.72,4.64,4.39,4.27,4.19,4.16,4.22,4.26
2024-11-06,4.68,4.64,4.41,4.31,4.27,4.27,4.37,4.42
2024-11-07,4.69,4.63,4.4,4.28,4.21,4.17,4.25,4.31
2024-11-08,4.7,4.63,4.42,4.32,4.26,4.2,4.25,4.3
2024-11-12,4.7,4.63,4.45,4.38,4.34,4.32,4.38,4.43
2024-11-13,4.69,4.6,4.4,4.31,4.27,4.3,4.38,4.44
2024-11-14,4.7,4.61,4.43,4.36,4.34,4.32,4.38,4.43
2024-11-15,4.7,4.6,4.44,4.34,4.31,4.3,4.36,4.43
2024-11-18,4.7,4.63,4.44,4.33,4.29,4.28,4.35,4.42
2024-11-19,4.67,4.62,4.44,4.34,4.27,4.25,4.32,4.39
2024-11-20,4.68,4.62,4.44,4.37,4.31,4.28,4.34,4.41
2024-11-21,4.72,4.63,4.45,4.39,4.34,4.3,4.36,4.43
2024-11-22,4.72,4.63,4.46,4.42,4.37,4.3,4.35,4.41
2024-11-25,4.74,4.62,4.46,4.37,4.21,4.17,4.21,4.27
2024-11-26,4.74,4.61,4.45,4.37,4.21,4.17,4.24,4.3
2024-11-27,4.76,4.6,4.43,4.34,4.19,4.11,4.17,4.25
2024-11-29,4.76,4.58,4.42,4.3,4.13,4.05,4.1,4.18
2024-12-02,4.75,4.51,4.43,4.3,4.17,4.08,4.13,4.19
2024-12-03,4.66,4.49,4.4,4.27,4.17,4.11,4.17,4.23
2024-12-04,4.65,4.47,4.38,4.23,4.13,4.07,4.13,4.19
2024-12-05,4.59,4.46,4.38,4.23,4.15,4.07,4.12,4.17
2024-12-06,4.57,4.42,4.34,4.19,4.1,4.03,4.09,4.15
2024-12-09,4.56,4.42,4.34,4.2,4.13,4.07,4.13,4.2
2024-12-10,4.53,4.41,4.35,4.22,4.15,4.09,4.15,4.22
2024-12-11,4.49,4.38,4.32,4.21,4.15,4.13,4.2,4.26
2024-12-12,4.43,4.35,4.31,4.22,4.18,4.18,4.25,4.32
2024-12-13,4.43,4.34,4.32,4.24,4.25,4.25,4.33,4.4
2024-12-16,4.43,4.37,4.3,4.24,4.25,4.25,4.32,4.39
2024-12-17,4.46,4.38,4.3,4.25,4.25,4.26,4.33,4.4
2024-12-18,4.44,4.36,4.3,4.3,4.35,4.4,4.45,4.5
2024-12-19,4.42,4.35,4.29,4.28,4.32,4.43,4.51,4.57
2024-12-20,4.43,4.34,4.29,4.27,4.3,4.37,4.45,4.52
2024-12-23,4.44,4.36,4.3,4.26,4.3,4.44,4.52,4.59
2024-12-24,4.44,4.4,4.3,4.24,4.29,4.43,4.52,4.59
2024-12-26,4.45,4.35,4.31,4.23,4.3,4.42,4.49,4.58
2024-12-27,4.44,4.31,4.29,4.2,4.31,4.45,4.53,4.62
2024-12-30,4.43,4.37,4.25,4.17,4.24,4.37,4.46,4.55
2024-12-31,4.4,4.37,4.24,4.16,4.25,4.38,4.48,4.58
2025-01-02,4.45,4.36,4.25,4.17,4.25,4.38,4.47,4.57
2025-01-03,4.44,4.34,4.25,4.18,4.28,4.41,4.51,4.6
2025-01-06,4.43,4.35,4.24,4.17,4.28,4.42,4.52,4.62
2025-01-07,4.42,4.35,4.24,4.19,4.3,4.46,4.57,4.67
2025-01-08,4.41,4.35,4.25,4.19,4.28,4.45,4.56,4.67
2025-01-09,4.44,4.35,4.24,4.16,4.27,4.46,4.57,4.68
2025-01-10,4.42,4.36,4.27,4.25,4.4,4.59,4.7,4.77
2025-01-13,4.42,4.37,4.3,4.24,4.4,4.61,4.71,4.79
2025-01-14,4.42,4.36,4.29,4.22,4.37,4.59,4.7,4.78
2025-01-15,4.4,4.35,4.26,4.19,4.27,4.45,4.55,4.66
2025-01-16,4.43,4.34,4.26,4.18,4.23,4.39,4.5,4.61
2025-01-17,4.43,4.34,4.28,4.21,4.27,4.42,4.52,4.61
2025-01-21,4.42,4.36,4.28,4.21,4.29,4.4,4.49,4.57
2025-01-22,4.42,4.36,4.28,4.2,4.29,4.43,4.51,4.6
2025-01-23,4.45,4.36,4.27,4.18,4.29,4.45,4.55,4.65
2025-01-24,4.45,4.35,4.25,4.17,4.27,4.43,4.53,4.63
2025-01-27,4.44,4.32,4.25,4.13,4.17,4.32,4.43,4.53
2025-01-28,4.44,4.31,4.26,4.14,4.19,4.33,4.43,4.55
2025-01-29,4.43,4.31,4.27,4.17,4.21,4.35,4.44,4.55
2025-01-30,4.37,4.3,4.27,4.16,4.18,4.31,4.41,4.52
2025-01-31,4.37,4.31,4.28,4.17,4.22,4.36,4.47,4.58
2025-02-03,4.37,4.34,4.28,4.2,4.26,4.35,4.45,4.54
2025-02-04,4.36,4.33,4.27,4.18,4.21,4.31,4.42,4.52
2025-02-05,4.35,4.33,4.27,4.17,4.17,4.24,4.33,4.43
2025-02-06,4.37,4.34,4.28,4.19,4.21,4.28,4.36,4.45
2025-02-07,4.37,4.35,4.3,4.25,4.29,4.34,4.42,4.49
2025-02-10,4.38,4.35,4.31,4.24,4.28,4.34,4.42,4.51
2025-02-11,4.38,4.35,4.31,4.25,4.29,4.37,4.45,4.54
2025-02-12,4.38,4.35,4.33,4.3,4.36,4.48,4.56,4.62
2025-02-13,4.37,4.34,4.33,4.27,4.31,4.39,4.46,4.52
2025-02-14,4.37,4.34,4.32,4.23,4.26,4.33,4.41,4.47
2025-02-18,4.38,4.34,4.34,4.24,4.29,4.4,4.48,4.55
2025-02-19,4.38,4.34,4.34,4.22,4.28,4.37,4.46,4.53
2025-02-20,4.37,4.33,4.33,4.2,4.28,4.34,4.43,4.5
2025-02-21,4.36,4.32,4.3,4.15,4.19,4.26,4.35,4.42
2025-02-24,4.36,4.31,4.3,4.15,4.13,4.23,4.32,4.4
2025-02-25,4.34,4.3,4.28,4.12,4.07,4.12,4.21,4.3
2025-02-26,4.35,4.31,4.28,4.12,4.05,4.06,4.16,4.25
2025-02-27,4.38,4.32,4.28,4.13,4.07,4.09,4.19,4.29
2025-02-28,4.38,4.32,4.25,4.08,3.99,4.03,4.14,4.24
2025-03-03,4.38,4.35,4.31,4.06,3.96,3.97,4.06,4.16
2025-03-04,4.39,4.34,4.28,4.04,3.96,4.01,4.11,4.22
2025-03-05,4.38,4.35,4.3,4.06,3.99,4.08,4.18,4.28
2025-03-06,4.38,4.34,4.27,4.02,3.96,4.06,4.18,4.29
2025-03-07,4.38,4.34,4.29,4.05,3.99,4.09,4.21,4.32
2025-03-10,4.37,4.33,4.25,3.98,3.89,3.98,4.1,4.22
2025-03-11,4.37,4.34,4.26,4.03,3.94,4.03,4.16,4.28
2025-03-12,4.36,4.35,4.27,4.07,4.01,4.09,4.2,4.32
2025-03-13,4.37,4.34,4.27,4.03,3.94,4.02,4.15,4.27
2025-03-14,4.37,4.33,4.29,4.09,4.02,4.09,4.2,4.31
2025-03-17,4.37,4.34,4.29,4.11,4.06,4.11,4.21,4.31
2025-03-18,4.37,4.34,4.29,4.13,4.04,4.07,4.18,4.29
2025-03-19,4.37,4.33,4.29,4.1,3.99,4.03,4.14,4.25
2025-03-20,4.36,4.33,4.27,4.06,3.95,4.01,4.12,4.24
2025-03-21,4.36,4.33,4.26,4.04,3.94,4.0,4.12,4.25
2025-03-24,4.35,4.33,4.27,4.11,4.04,4.09,4.22,4.34
2025-03-25,4.36,4.33,4.26,4.09,3.96,4.07,4.19,4.31
2025-03-26,4.36,4.33,4.26,4.1,3.98,4.08,4.22,4.35
2025-03-27,4.37,4.33,4.27,4.1,3.97,4.09,4.23,4.38
2025-03-28,4.38,4.33,4.26,4.04,3.89,3.98,4.11,4.27
2025-03-31,4.38,4.32,4.23,4.03,3.89,3.96,4.09,4.23
2025-04-01,4.38,4.32,4.23,4.01,3.87,3.91,4.03,4.17
2025-04-02,4.38,4.32,4.24,4.04,3.91,3.95,4.07,4.2
2025-04-03,4.36,4.31,4.2,3.92,3.71,3.75,3.88,4.06
2025-04-04,4.36,4.28,4.14,3.86,3.68,3.72,3.84,4.01
2025-04-07,4.36,4.29,4.14,3.86,3.73,3.82,3.97,4.15
2025-04-08,4.36,4.31,4.14,3.83,3.71,3.88,4.05,4.26
2025-04-09,4.36,4.35,4.23,4.03,3.91,4.06,4.2,4.34
2025-04-10,4.36,4.34,4.17,3.97,3.84,4.04,4.21,4.4
2025-04-11,4.37,4.34,4.21,4.04,3.96,4.15,4.32,4.48
2025-04-14,4.34,4.33,4.21,3.99,3.84,4.02,4.2,4.38
2025-04-15,4.35,4.33,4.21,3.99,3.84,3.98,4.15,4.35
2025-04-16,4.35,4.33,4.2,3.96,3.77,3.91,4.08,4.29
2025-04-17,4.36,4.34,4.22,3.99,3.81,3.95,4.13,4.34
2025-04-21,4.35,4.34,4.21,3.95,3.75,3.97,4.19,4.42
2025-04-22,4.33,4.33,4.21,3.98,3.76,3.98,4.19,4.41
2025-04-23,4.33,4.33,4.22,4.01,3.81,4.0,4.2,4.4
2025-04-24,4.34,4.32,4.22,3.97,3.77,3.91,4.11,4.32
2025-04-25,4.34,4.32,4.22,3.95,3.74,3.88,4.06,4.29
2025-04-28,4.35,4.32,4.22,3.92,3.67,3.81,4.01,4.23
2025-04-29,4.35,4.31,4.2,3.89,3.65,3.77,3.96,4.19
2025-04-30,4.35,4.31,4.19,3.85,3.6,3.72,3.93,4.17
2025-05-01,4.38,4.31,4.22,3.92,3.7,3.81,4.02,4.25
2025-05-02,4.38,4.33,4.26,4.0,3.83,3.92,4.11,4.33
2025-05-05,4.38,4.33,4.27,4.02,3.83,3.95,4.14,4.36
2025-05-06,4.37,4.33,4.25,3.98,3.78,3.9,4.1,4.3
2025-05-07,4.37,4.34,4.27,4.0,3.78,3.87,4.06,4.26
2025-05-08,4.37,4.34,4.28,4.05,3.9,4.0,4.18,4.37
2025-05-09,4.37,4.34,4.28,4.05,3.88,4.0,4.18,4.37
2025-05-12,4.38,4.42,4.29,4.11,3.98,4.09,4.27,4.45
2025-05-13,4.39,4.41,4.29,4.11,4.02,4.12,4.3,4.49
2025-05-14,4.39,4.41,4.3,4.14,4.05,4.17,4.35,4.53
2025-05-15,4.37,4.38,4.29,4.1,3.96,4.07,4.25,4.45
2025-05-16,4.37,4.37,4.3,4.13,3.98,4.06,4.24,4.43
2025-05-19,4.37,4.39,4.32,4.12,3.97,4.07,4.26,4.46
2025-05-20,4.36,4.38,4.32,4.12,3.97,4.07,4.27,4.48
2025-05-21,4.35,4.36,4.33,4.13,4.0,4.15,4.37,4.58
2025-05-22,4.37,4.37,4.34,4.13,4.0,4.11,4.32,4.54
2025-05-23,4.36,4.36,4.35,4.15,4.0,4.08,4.29,4.51
2025-05-27,4.35,4.35,4.35,4.14,3.92,4.04,4.22,4.43
2025-05-28,4.35,4.35,4.36,4.16,3.96,4.05,4.27,4.47
2025-05-29,4.34,4.36,4.36,4.13,3.92,4.0,4.2,4.43
2025-05-30,4.33,4.36,4.36,4.11,3.89,3.96,4.18,4.41
2025-06-02,4.33,4.44,4.31,4.12,3.94,4.01,4.22,4.46
2025-06-03,4.33,4.43,4.31,4.12,3.96,4.04,4.23,4.46
2025-06-04,4.32,4.44,4.29,4.06,3.87,3.93,4.14,4.37
2025-06-05,4.26,4.44,4.29,4.08,3.92,3.99,4.18,4.4
2025-06-06,4.28,4.43,4.31,4.14,4.04,4.13,4.31,4.51
2025-06-09,4.29,4.44,4.32,4.13,4.01,4.09,4.28,4.49
2025-06-10,4.29,4.45,4.32,4.12,4.01,4.08,4.27,4.47
2025-06-11,4.3,4.45,4.31,4.08,3.94,4.02,4.21,4.41
2025-06-12,4.18,4.46,4.29,4.06,3.9,3.97,4.15,4.36
2025-06-13,4.23,4.45,4.3,4.09,3.96,4.02,4.2,4.41
2025-06-16,4.24,4.43,4.32,4.1,3.97,4.04,4.23,4.46
2025-06-17,4.23,4.42,4.31,4.1,3.94,3.99,4.17,4.39
2025-06-18,4.2,4.42,4.33,4.1,3.94,3.98,4.17,4.38
2025-06-20,4.2,4.39,4.29,4.07,3.9,3.96,4.16,4.38
2025-06-23,4.2,4.38,4.28,4.0,3.84,3.91,4.1,4.34
2025-06-24,4.21,4.38,4.27,3.99,3.75,3.86,4.06,4.3
2025-06-25,4.21,4.38,4.26,3.99,3.74,3.83,4.05,4.29
2025-06-26,4.11,4.39,4.26,3.96,3.7,3.79,4.0,4.26
2025-06-27,4.19,4.39,4.26,3.97,3.73,3.83,4.03,4.29
2025-06-30,4.28,4.41,4.29,3.96,3.72,3.79,3.98,4.24
2025-07-01,4.32,4.4,4.29,3.98,3.78,3.84,4.03,4.26
2025-07-02,4.33,4.41,4.28,3.99,3.78,3.87,4.06,4.3
2025-07-03,4.35,4.42,4.34,4.07,3.88,3.94,4.12,4.35
2025-07-07,4.37,4.42,4.33,4.08,3.9,3.96,4.16,4.4
2025-07-08,4.36,4.42,4.34,4.11,3.9,3.99,4.18,4.42
2025-07-09,4.36,4.42,4.31,4.07,3.86,3.92,4.11,4.34
2025-07-10,4.36,4.42,4.31,4.07,3.86,3.93,4.12,4.35
